Trip Seconds	Trip Miles	Pickup Community Area	Dropoff Community Area	Company	Trip Start Day	Trip Start Month	Trip Start Hour
300.0	0.6	32.0	32.0	32	1	1	1
1200.0	1.2	32.0	8.0	32	1	1	1
1440.0	10.0	8.0	1.0	32	1	1	2
960.0	9.7	28.0	11.0	32	1	1	3
600.0	1.5	32.0	8.0	32	2	1	17
300.0	1.4	8.0	32.0	32	2	1	17
600.0	1.2	32.0	32.0	32	2	1	18
600.0	1.9	28.0	8.0	32	2	1	18
240.0	1.0	32.0	28.0	32	2	1	19
720.0	2.2	33.0	8.0	32	3	1	17
600.0	1.6	28.0	8.0	32	3	1	18
300.0	0.5	8.0	32.0	32	3	1	18
1260.0	8.0	32.0	39.0	32	3	1	18
1260.0	6.4	41.0	44.0	32	3	1	19
600.0	1.7	33.0	32.0	32	4	1	15
480.0	1.3	8.0	8.0	32	4	1	16
720.0	1.1	8.0	32.0	32	4	1	17
240.0	0.5	32.0	8.0	32	4	1	17
660.0	1.1	28.0	32.0	32	4	1	18
300.0	0.8	32.0	8.0	32	4	1	18
420.0	0.8	32.0	8.0	32	4	1	19
840.0	3.5	8.0	7.0	32	4	1	19
180.0	0.6	8.0	8.0	32	4	1	20
1140.0	2.0	28.0	8.0	32	5	1	16
480.0	1.4	8.0	8.0	32	5	1	18
300.0	0.7	8.0	8.0	32	5	1	18
300.0	0.6	8.0	8.0	32	5	1	19
360.0	1.1	8.0	32.0	32	5	1	19
420.0	0.8	8.0	8.0	32	5	1	20
120.0	0.5	32.0	8.0	32	5	1	20
480.0	1.0	8.0	32.0	32	5	1	20
360.0	0.8	8.0	32.0	32	5	1	20
360.0	1.0	8.0	32.0	32	5	1	21
120.0	0.6	28.0	32.0	32	5	1	22
300.0	0.7	32.0	8.0	32	5	1	22
420.0	1.1	32.0	32.0	32	5	1	23
960.0	2.4	32.0	33.0	32	6	1	15
300.0	1.3	8.0	8.0	32	6	1	17
780.0	3.8	8.0	24.0	32	6	1	18
540.0	2.3	24.0	7.0	32	6	1	19
420.0	1.4	8.0	32.0	32	6	1	19
840.0	2.3	32.0	8.0	32	6	1	20
240.0	0.9	8.0	32.0	32	7	1	17
720.0	1.8	8.0	28.0	32	7	1	17
1020.0	3.6	8.0	7.0	32	7	1	17
420.0	1.1	8.0	32.0	32	7	1	18
480.0	2.7	8.0	8.0	32	7	1	21
780.0	4.6	8.0	6.0	32	7	1	21
420.0	0.9	8.0	32.0	32	8	1	17
180.0	0.5	32.0	8.0	32	8	1	18
780.0	1.1	8.0	8.0	32	8	1	18
420.0	1.0	8.0	8.0	32	8	1	19
840.0	4.7	8.0	7.0	32	8	1	20
420.0	1.2	32.0	8.0	32	8	1	21
300.0	1.4	28.0	8.0	32	8	1	21
360.0	1.0	8.0	32.0	32	8	1	21
480.0	1.6	32.0	33.0	32	9	1	15
600.0	2.2	33.0	32.0	32	9	1	16
300.0	0.5	28.0	28.0	32	9	1	17
780.0	1.8	32.0	8.0	32	9	1	18
720.0	1.9	28.0	8.0	32	9	1	19
300.0	1.1	8.0	8.0	32	9	1	19
480.0	0.9	8.0	8.0	32	9	1	19
1320.0	7.7	8.0	5.0	32	9	1	20
240.0	0.6	8.0	32.0	32	9	1	21
1080.0	4.9	32.0	7.0	32	9	1	21
300.0	0.8	8.0	8.0	32	9	1	22
300.0	1.1	8.0	8.0	32	9	1	22
180.0	0.7	8.0	32.0	32	9	1	22
720.0	2.3	33.0	8.0	32	10	1	16
240.0	0.7	8.0	32.0	32	10	1	17
360.0	0.8	32.0	28.0	32	10	1	17
420.0	1.5	28.0	8.0	32	10	1	17
600.0	1.6	8.0	8.0	32	10	1	17
720.0	1.5	8.0	32.0	32	10	1	18
540.0	1.2	32.0	8.0	32	10	1	18
960.0	2.1	8.0	28.0	32	10	1	19
660.0	1.5	28.0	8.0	32	10	1	19
480.0	1.8	8.0	24.0	32	10	1	20
420.0	1.3	8.0	8.0	32	10	1	20
300.0	0.9	8.0	32.0	32	10	1	21
540.0	2.0	32.0	31.0	32	10	1	22
360.0	1.1	32.0	33.0	32	10	1	22
180.0	0.7	28.0	32.0	32	10	1	22
720.0	3.0	32.0	7.0	32	10	1	22
840.0	3.3	33.0	28.0	32	11	1	15
1500.0	9.2	28.0	15.0	32	11	1	16
300.0	0.8	28.0	32.0	32	11	1	17
180.0	0.7	32.0	32.0	32	11	1	18
360.0	1.6	32.0	8.0	32	11	1	18
420.0	0.7	8.0	8.0	32	11	1	18
900.0	2.2	8.0	33.0	32	11	1	19
180.0	0.6	32.0	28.0	32	11	1	19
660.0	2.8	28.0	24.0	32	11	1	19
780.0	2.0	28.0	8.0	32	11	1	20
300.0	0.6	8.0	8.0	32	11	1	21
300.0	0.8	8.0	8.0	32	11	1	22
600.0	2.9	8.0	24.0	32	11	1	22
720.0	3.0	8.0	24.0	32	11	1	23
480.0	1.8	33.0	32.0	32	12	1	19
480.0	1.1	32.0	32.0	32	12	1	20
180.0	0.8	32.0	28.0	32	12	1	20
540.0	1.4	28.0	8.0	32	12	1	20
1080.0	6.3	8.0	6.0	32	12	1	21
1260.0	3.9	33.0	8.0	32	13	1	15
540.0	2.0	8.0	8.0	32	13	1	16
300.0	0.8	8.0	8.0	32	13	1	16
60.0	0.9	8.0	8.0	32	13	1	16
540.0	1.6	28.0	8.0	32	13	1	18
360.0	1.1	8.0	8.0	32	13	1	19
420.0	1.8	28.0	8.0	32	13	1	20
300.0	0.6	28.0	28.0	32	14	1	19
540.0	2.9	32.0	28.0	32	14	1	21
360.0	1.3	32.0	8.0	32	15	1	16
780.0	1.7	8.0	28.0	32	15	1	16
960.0	2.5	28.0	7.0	32	15	1	17
180.0	0.5	8.0	8.0	32	15	1	18
1260.0	2.0	8.0	28.0	32	15	1	18
660.0	1.2	28.0	8.0	32	15	1	18
540.0	1.0	28.0	8.0	32	15	1	19
300.0	0.8	32.0	28.0	32	15	1	19
540.0	1.3	32.0	28.0	32	15	1	20
600.0	2.3	32.0	33.0	32	15	1	21
540.0	1.7	32.0	8.0	32	16	1	15
420.0	1.3	8.0	28.0	32	16	1	15
420.0	1.2	32.0	8.0	32	16	1	16
660.0	1.6	8.0	32.0	32	16	1	16
180.0	0.8	28.0	32.0	32	16	1	16
240.0	0.5	32.0	32.0	32	16	1	17
420.0	0.9	28.0	32.0	32	16	1	17
300.0	0.8	32.0	8.0	32	16	1	17
600.0	0.9	8.0	28.0	32	16	1	18
600.0	1.1	28.0	8.0	32	16	1	18
780.0	1.2	8.0	28.0	32	16	1	18
540.0	1.3	28.0	28.0	32	16	1	18
960.0	2.1	32.0	7.0	32	16	1	19
780.0	1.9	8.0	28.0	32	16	1	20
840.0	5.8	8.0	6.0	32	16	1	21
360.0	1.0	8.0	32.0	32	16	1	22
720.0	4.0	32.0	7.0	32	16	1	22
480.0	1.6	7.0	8.0	32	16	1	22
840.0	2.7	33.0	8.0	32	17	1	16
420.0	1.1	8.0	32.0	32	17	1	16
600.0	1.5	32.0	8.0	32	17	1	16
300.0	0.7	28.0	8.0	32	17	1	17
900.0	2.0	32.0	28.0	32	17	1	18
420.0	0.9	28.0	28.0	32	17	1	18
720.0	1.5	28.0	28.0	32	17	1	18
420.0	1.0	28.0	8.0	32	17	1	19
240.0	0.6	32.0	32.0	32	17	1	20
660.0	2.0	28.0	8.0	32	17	1	20
960.0	4.1	8.0	22.0	32	17	1	20
420.0	1.5	28.0	8.0	32	17	1	21
360.0	1.1	8.0	8.0	32	17	1	22
360.0	1.0	8.0	8.0	32	17	1	22
180.0	0.8	8.0	24.0	32	17	1	23
660.0	2.5	28.0	8.0	32	18	1	12
720.0	1.6	28.0	8.0	32	18	1	15
780.0	1.6	8.0	28.0	32	18	1	16
960.0	2.9	28.0	7.0	32	18	1	17
1560.0	4.8	8.0	22.0	32	18	1	18
660.0	1.4	8.0	8.0	32	18	1	19
420.0	1.2	28.0	32.0	32	18	1	20
600.0	1.5	28.0	8.0	32	18	1	21
960.0	2.9	33.0	8.0	32	19	1	17
480.0	1.0	8.0	32.0	32	19	1	18
360.0	0.8	32.0	8.0	32	19	1	18
540.0	1.9	32.0	28.0	32	19	1	19
480.0	1.1	28.0	8.0	32	19	1	19
840.0	2.5	8.0	8.0	32	19	1	20
240.0	0.7	8.0	8.0	32	19	1	21
480.0	1.9	28.0	8.0	32	20	1	17
540.0	2.1	77.0	3.0	32	20	1	19
240.0	0.5	8.0	8.0	32	20	1	20
420.0	1.4	28.0	8.0	32	21	1	14
180.0	0.6	8.0	8.0	32	21	1	14
720.0	2.5	8.0	7.0	32	21	1	15
360.0	0.9	28.0	32.0	32	21	1	17
540.0	1.7	32.0	8.0	32	21	1	18
240.0	0.7	8.0	8.0	32	21	1	19
900.0	3.6	8.0	7.0	32	21	1	19
420.0	1.5	32.0	8.0	32	21	1	21
360.0	1.2	32.0	8.0	32	21	1	22
480.0	1.5	33.0	32.0	32	23	1	15
420.0	1.7	32.0	33.0	32	23	1	17
480.0	1.3	28.0	8.0	32	23	1	17
360.0	0.6	32.0	32.0	32	23	1	18
660.0	1.2	28.0	8.0	32	23	1	18
780.0	1.7	8.0	8.0	32	23	1	18
1080.0	1.9	8.0	28.0	32	23	1	19
240.0	0.9	8.0	8.0	32	23	1	19
840.0	2.2	28.0	33.0	32	23	1	19
300.0	1.0	32.0	28.0	32	23	1	19
960.0	4.6	32.0	35.0	32	23	1	20
540.0	3.4	32.0	24.0	32	23	1	20
300.0	1.0	28.0	8.0	32	23	1	21
480.0	4.2	8.0	6.0	32	23	1	22
600.0	2.1	8.0	28.0	32	23	1	22
420.0	1.1	28.0	8.0	32	23	1	23
780.0	2.1	28.0	33.0	32	24	1	17
840.0	1.3	32.0	32.0	32	24	1	18
1140.0	2.1	32.0	8.0	32	24	1	18
780.0	1.2	8.0	28.0	32	24	1	19
660.0	1.7	28.0	8.0	32	24	1	19
420.0	1.0	32.0	28.0	32	24	1	20
600.0	1.8	28.0	32.0	32	24	1	20
360.0	1.2	32.0	28.0	32	24	1	20
480.0	1.3	28.0	8.0	32	24	1	20
420.0	2.3	8.0	24.0	32	24	1	21
360.0	0.8	8.0	8.0	32	24	1	21
420.0	0.9	32.0	8.0	32	25	1	15
1920.0	2.6	32.0	28.0	32	25	1	17
2880.0	3.3	28.0	32.0	32	25	1	18
660.0	1.0	32.0	32.0	32	25	1	18
780.0	1.1	28.0	28.0	32	25	1	19
360.0	0.8	28.0	28.0	32	25	1	20
900.0	3.2	32.0	28.0	32	25	1	22
960.0	3.8	28.0	33.0	32	25	1	23
960.0	5.9	33.0	6.0	32	27	1	16
600.0	1.8	28.0	8.0	32	27	1	16
660.0	2.0	28.0	8.0	32	27	1	17
180.0	0.6	8.0	8.0	32	27	1	18
540.0	1.7	8.0	8.0	32	27	1	18
540.0	2.0	33.0	8.0	32	28	1	16
540.0	1.0	8.0	8.0	32	28	1	17
480.0	1.3	32.0	33.0	32	28	1	17
1020.0	4.7	32.0	7.0	32	28	1	18
420.0	2.1	8.0	7.0	32	28	1	18
360.0	0.8	32.0	28.0	32	28	1	19
480.0	1.0	28.0	32.0	32	28	1	19
360.0	1.1	8.0	24.0	32	28	1	19
480.0	1.2	28.0	8.0	32	28	1	19
1920.0	9.7	28.0	4.0	32	28	1	20
1560.0	12.7	4.0	76.0	32	28	1	21
1620.0	12.3	76.0	4.0	32	28	1	22
600.0	1.6	32.0	28.0	32	29	1	16
480.0	0.9	28.0	8.0	32	29	1	16
1020.0	4.9	8.0	6.0	32	29	1	16
720.0	0.9	8.0	32.0	32	29	1	17
420.0	0.6	32.0	28.0	32	29	1	17
660.0	2.5	28.0	31.0	32	29	1	17
1620.0	4.2	28.0	24.0	32	29	1	18
1860.0	11.6	28.0	10.0	32	29	1	19
300.0	1.8	28.0	8.0	32	29	1	22
780.0	2.6	28.0	33.0	32	31	1	15
840.0	2.9	28.0	7.0	32	31	1	16
240.0	0.7	8.0	8.0	32	31	1	17
720.0	1.8	8.0	32.0	32	31	1	17
360.0	1.2	28.0	8.0	32	31	1	17
420.0	1.4	28.0	8.0	32	31	1	18
780.0	3.0	8.0	7.0	32	31	1	18
660.0	1.6	8.0	8.0	32	31	1	19
420.0	1.3	8.0	8.0	32	31	1	20
120.0	0.5	32.0	32.0	32	31	1	20
300.0	1.0	32.0	8.0	32	31	1	21
360.0	1.0	32.0	8.0	32	1	2	15
240.0	0.6	8.0	8.0	32	1	2	15
900.0	1.6	8.0	28.0	32	1	2	16
660.0	1.7	28.0	8.0	32	1	2	17
1260.0	4.1	28.0	7.0	32	1	2	18
1020.0	3.3	7.0	8.0	32	1	2	19
720.0	1.2	8.0	28.0	32	1	2	19
660.0	1.3	28.0	8.0	32	1	2	20
1200.0	2.9	8.0	24.0	32	1	2	20
660.0	1.7	8.0	28.0	32	1	2	21
600.0	2.1	28.0	8.0	32	1	2	22
180.0	0.6	8.0	8.0	32	1	2	22
600.0	2.3	8.0	33.0	32	1	2	22
420.0	1.2	28.0	8.0	32	1	2	23
300.0	1.1	32.0	28.0	32	1	2	23
540.0	1.0	8.0	8.0	32	2	2	15
480.0	1.0	8.0	8.0	32	2	2	18
720.0	2.4	8.0	7.0	32	2	2	18
780.0	2.4	7.0	8.0	32	2	2	18
960.0	2.7	8.0	7.0	32	2	2	19
1320.0	4.0	8.0	6.0	32	2	2	20
840.0	2.8	28.0	33.0	32	2	2	22
720.0	2.0	33.0	28.0	32	3	2	15
420.0	1.8	28.0	8.0	32	3	2	17
300.0	0.8	32.0	8.0	32	3	2	17
180.0	0.8	8.0	32.0	32	3	2	17
420.0	1.1	28.0	8.0	32	3	2	19
540.0	2.2	8.0	32.0	32	3	2	20
480.0	0.9	28.0	32.0	32	4	2	17
420.0	1.2	32.0	28.0	32	4	2	17
900.0	2.2	28.0	8.0	32	4	2	18
240.0	0.7	8.0	8.0	32	4	2	19
360.0	0.7	8.0	32.0	32	4	2	19
300.0	0.9	32.0	8.0	32	4	2	19
1680.0	17.5	8.0	76.0	32	4	2	20
1020.0	7.0	32.0	6.0	32	4	2	21
2340.0	13.6	8.0	56.0	32	5	2	15
360.0	0.9	32.0	8.0	32	5	2	15
720.0	1.8	33.0	32.0	32	5	2	17
240.0	0.9	8.0	32.0	32	5	2	18
540.0	1.3	32.0	8.0	32	5	2	18
1080.0	1.0	32.0	32.0	32	5	2	18
480.0	0.6	32.0	28.0	32	5	2	18
1140.0	4.7	28.0	23.0	32	5	2	19
360.0	1.0	28.0	28.0	32	5	2	20
300.0	0.9	28.0	28.0	32	5	2	20
1020.0	7.7	28.0	6.0	32	5	2	20
660.0	3.7	8.0	6.0	32	5	2	21
480.0	1.7	8.0	28.0	32	5	2	22
780.0	2.5	32.0	24.0	32	5	2	22
300.0	1.1	32.0	32.0	32	5	2	23
300.0	0.7	32.0	32.0	32	6	2	16
420.0	1.0	28.0	8.0	32	6	2	17
360.0	1.0	8.0	24.0	32	6	2	18
720.0	2.4	28.0	33.0	32	6	2	18
600.0	0.8	32.0	32.0	32	6	2	18
840.0	1.9	32.0	8.0	32	6	2	18
300.0	0.8	8.0	8.0	32	6	2	19
420.0	1.1	8.0	8.0	32	6	2	19
1500.0	13.9	8.0	76.0	32	6	2	19
1680.0	18.0	76.0	8.0	32	6	2	21
420.0	1.2	8.0	8.0	32	6	2	22
540.0	2.1	33.0	32.0	32	7	2	15
480.0	1.4	32.0	32.0	32	7	2	16
600.0	1.7	28.0	8.0	32	7	2	16
420.0	0.8	32.0	28.0	32	7	2	17
1020.0	3.1	28.0	24.0	32	7	2	17
780.0	1.9	24.0	32.0	32	7	2	17
660.0	1.2	32.0	28.0	32	7	2	18
960.0	1.5	28.0	8.0	32	7	2	18
840.0	2.9	8.0	33.0	32	7	2	18
480.0	2.1	33.0	32.0	32	7	2	18
360.0	1.2	32.0	33.0	32	7	2	19
1500.0	6.1	32.0	6.0	32	7	2	19
780.0	2.9	8.0	24.0	32	7	2	20
480.0	1.1	28.0	8.0	32	7	2	20
480.0	2.1	32.0	8.0	32	7	2	22
300.0	0.9	32.0	8.0	32	7	2	22
420.0	1.5	32.0	24.0	32	7	2	22
240.0	1.0	8.0	32.0	32	7	2	23
360.0	1.3	32.0	8.0	32	7	2	23
300.0	1.3	33.0	32.0	32	8	2	16
180.0	0.5	32.0	32.0	32	8	2	16
480.0	1.4	28.0	32.0	32	8	2	16
660.0	1.5	28.0	8.0	32	8	2	17
540.0	1.3	32.0	32.0	32	8	2	17
420.0	0.7	8.0	8.0	32	8	2	18
1140.0	1.8	8.0	8.0	32	8	2	18
300.0	1.0	8.0	8.0	32	8	2	19
420.0	0.6	8.0	8.0	32	8	2	19
1020.0	3.8	8.0	6.0	32	8	2	19
660.0	1.2	8.0	32.0	32	8	2	20
480.0	1.2	32.0	32.0	32	8	2	20
600.0	4.2	33.0	39.0	32	8	2	21
780.0	3.4	33.0	8.0	32	8	2	22
720.0	2.5	28.0	8.0	32	8	2	23
420.0	1.8	8.0	7.0	32	8	2	23
1020.0	5.1	33.0	7.0	32	9	2	16
660.0	1.9	28.0	8.0	32	9	2	18
180.0	0.5	32.0	32.0	32	9	2	19
720.0	2.6	32.0	7.0	32	9	2	19
1200.0	4.3	8.0	22.0	32	9	2	19
480.0	1.8	24.0	8.0	32	9	2	20
360.0	0.6	8.0	8.0	32	9	2	20
300.0	0.8	32.0	8.0	32	9	2	22
480.0	1.3	8.0	8.0	32	10	2	19
240.0	1.2	32.0	32.0	32	10	2	20
360.0	1.1	32.0	8.0	32	10	2	20
1020.0	6.2	28.0	6.0	32	10	2	21
240.0	1.1	8.0	8.0	32	10	2	21
840.0	2.4	28.0	31.0	32	11	2	17
1140.0	3.0	28.0	24.0	32	11	2	18
960.0	1.9	28.0	8.0	32	11	2	19
300.0	0.5	8.0	32.0	32	11	2	19
720.0	1.5	32.0	8.0	32	11	2	19
300.0	0.8	32.0	8.0	32	11	2	20
660.0	1.8	8.0	8.0	32	11	2	21
240.0	0.9	8.0	8.0	32	11	2	21
900.0	2.8	8.0	33.0	32	11	2	21
480.0	1.4	32.0	28.0	32	11	2	22
300.0	0.9	8.0	8.0	32	11	2	22
600.0	1.6	32.0	8.0	32	12	2	16
780.0	1.7	8.0	32.0	32	12	2	17
1140.0	3.4	28.0	7.0	32	12	2	17
600.0	1.1	28.0	8.0	32	12	2	19
900.0	2.9	28.0	7.0	32	12	2	19
420.0	1.4	8.0	8.0	32	12	2	19
540.0	1.9	8.0	8.0	32	12	2	20
300.0	1.3	8.0	8.0	32	12	2	21
240.0	1.1	8.0	8.0	32	12	2	21
300.0	0.7	8.0	8.0	32	12	2	21
420.0	1.2	8.0	28.0	32	12	2	21
600.0	2.2	28.0	8.0	32	12	2	21
600.0	2.9	8.0	24.0	32	12	2	22
600.0	4.5	32.0	7.0	32	12	2	22
720.0	3.4	8.0	24.0	32	12	2	23
360.0	1.3	32.0	8.0	32	12	2	23
300.0	0.7	32.0	32.0	32	13	2	16
300.0	0.5	32.0	32.0	32	13	2	16
480.0	1.2	28.0	32.0	32	13	2	16
660.0	1.6	32.0	8.0	32	13	2	17
480.0	1.2	32.0	32.0	32	13	2	17
360.0	0.8	28.0	28.0	32	13	2	17
660.0	2.0	28.0	28.0	32	13	2	18
660.0	2.0	28.0	8.0	32	13	2	19
360.0	0.9	8.0	8.0	32	13	2	21
420.0	1.7	32.0	8.0	32	13	2	21
240.0	0.6	28.0	28.0	32	13	2	22
840.0	6.6	28.0	21.0	32	13	2	22
2700.0	18.1	8.0	76.0	32	14	2	15
3780.0	17.5	76.0	1.0	32	14	2	18
360.0	0.7	8.0	32.0	32	14	2	20
540.0	2.1	28.0	28.0	32	14	2	21
300.0	1.4	28.0	28.0	32	14	2	22
900.0	5.7	32.0	6.0	32	14	2	22
660.0	2.0	33.0	33.0	32	15	2	15
120.0	0.6	33.0	33.0	32	15	2	15
540.0	1.6	33.0	32.0	32	15	2	15
600.0	1.4	32.0	8.0	32	15	2	15
180.0	0.6	8.0	8.0	32	15	2	16
420.0	1.3	32.0	8.0	32	15	2	16
1020.0	2.9	28.0	7.0	32	15	2	17
420.0	0.9	8.0	8.0	32	15	2	17
540.0	1.7	8.0	7.0	32	15	2	18
420.0	0.9	8.0	8.0	32	15	2	18
1680.0	6.6	8.0	4.0	32	15	2	18
300.0	0.7	8.0	8.0	32	15	2	19
660.0	1.7	8.0	7.0	32	15	2	20
360.0	0.7	8.0	8.0	32	15	2	20
480.0	1.3	32.0	8.0	32	15	2	21
840.0	1.9	32.0	8.0	32	15	2	21
1860.0	10.2	32.0	4.0	32	16	2	18
420.0	2.6	8.0	7.0	32	16	2	19
840.0	2.8	7.0	8.0	32	16	2	19
660.0	1.9	8.0	33.0	32	16	2	19
660.0	1.8	8.0	24.0	32	16	2	20
540.0	1.0	32.0	8.0	32	16	2	21
300.0	1.1	32.0	28.0	32	16	2	23
780.0	1.9	32.0	8.0	32	16	2	23
480.0	1.5	33.0	32.0	32	17	2	17
360.0	1.5	32.0	28.0	32	17	2	17
540.0	1.3	32.0	28.0	32	17	2	18
480.0	1.6	32.0	8.0	32	17	2	19
1080.0	7.7	32.0	16.0	32	17	2	20
240.0	0.8	32.0	28.0	32	17	2	21
660.0	2.9	32.0	28.0	32	17	2	21
540.0	1.7	28.0	8.0	32	18	2	18
600.0	1.1	8.0	28.0	32	18	2	19
540.0	3.5	28.0	28.0	32	18	2	19
300.0	0.7	28.0	28.0	32	18	2	19
540.0	1.5	28.0	32.0	32	18	2	20
840.0	6.0	32.0	6.0	32	18	2	20
360.0	1.3	28.0	8.0	32	18	2	22
480.0	3.1	8.0	6.0	32	18	2	22
1500.0	9.7	33.0	77.0	32	19	2	17
1140.0	1.4	8.0	28.0	32	19	2	18
540.0	1.4	28.0	33.0	32	19	2	18
600.0	1.9	32.0	8.0	32	19	2	19
300.0	1.0	8.0	8.0	32	19	2	19
240.0	0.7	28.0	32.0	32	19	2	22
660.0	6.2	32.0	41.0	32	19	2	22
660.0	2.9	33.0	28.0	32	20	2	15
240.0	0.6	32.0	8.0	32	20	2	16
600.0	1.4	8.0	32.0	32	20	2	16
240.0	0.7	8.0	8.0	32	20	2	16
180.0	0.9	32.0	32.0	32	20	2	17
480.0	0.8	32.0	8.0	32	20	2	17
1500.0	6.3	28.0	6.0	32	20	2	18
840.0	1.8	8.0	28.0	32	20	2	19
600.0	1.1	28.0	8.0	32	20	2	19
360.0	0.9	32.0	8.0	32	20	2	19
360.0	1.1	32.0	8.0	32	20	2	20
540.0	1.9	28.0	8.0	32	20	2	20
600.0	4.7	8.0	22.0	32	20	2	21
600.0	1.4	8.0	32.0	32	20	2	21
540.0	2.7	28.0	24.0	32	20	2	22
540.0	1.7	33.0	32.0	32	21	2	15
480.0	1.2	32.0	32.0	32	21	2	16
660.0	2.3	32.0	24.0	32	21	2	16
420.0	1.4	28.0	8.0	32	21	2	16
4080.0	17.7	32.0	76.0	32	21	2	17
2940.0	18.3	76.0	8.0	32	21	2	20
900.0	3.2	8.0	35.0	32	21	2	21
300.0	1.0	28.0	24.0	32	21	2	22
300.0	0.9	8.0	32.0	32	21	2	23
960.0	6.2	32.0	22.0	32	21	2	23
300.0	0.9	32.0	8.0	32	21	2	23
480.0	1.4	33.0	32.0	32	22	2	15
360.0	0.9	32.0	8.0	32	22	2	16
780.0	2.1	32.0	33.0	32	22	2	16
480.0	1.2	32.0	28.0	32	22	2	16
2100.0	11.4	56.0	32.0	32	22	2	19
840.0	2.6	32.0	28.0	32	22	2	19
1200.0	2.0	32.0	8.0	32	22	2	20
600.0	1.5	8.0	28.0	32	22	2	21
300.0	1.0	28.0	32.0	32	22	2	21
600.0	4.5	8.0	6.0	32	22	2	22
540.0	1.1	32.0	8.0	32	22	2	22
360.0	1.2	8.0	32.0	32	22	2	22
780.0	2.5	33.0	8.0	32	23	2	16
600.0	1.9	28.0	8.0	32	23	2	17
960.0	2.0	8.0	28.0	32	23	2	17
240.0	0.8	8.0	24.0	32	23	2	18
420.0	1.0	28.0	8.0	32	23	2	18
900.0	2.6	8.0	33.0	32	23	2	18
300.0	1.0	28.0	28.0	32	23	2	19
300.0	0.5	28.0	28.0	32	23	2	19
240.0	0.5	32.0	32.0	32	23	2	20
300.0	0.7	8.0	32.0	32	23	2	21
360.0	0.9	32.0	32.0	32	23	2	21
480.0	0.8	32.0	8.0	32	23	2	22
660.0	2.0	8.0	28.0	32	23	2	23
360.0	0.6	8.0	8.0	32	23	2	23
1620.0	12.0	28.0	2.0	32	23	2	23
2100.0	10.1	32.0	4.0	32	25	2	14
420.0	1.5	8.0	32.0	32	25	2	15
300.0	1.4	32.0	8.0	32	25	2	16
960.0	4.2	32.0	24.0	32	25	2	16
480.0	1.7	24.0	8.0	32	25	2	17
240.0	0.7	8.0	8.0	32	25	2	17
660.0	1.5	28.0	8.0	32	25	2	18
840.0	2.2	8.0	24.0	32	25	2	18
600.0	1.4	8.0	8.0	32	25	2	19
1740.0	18.2	32.0	76.0	32	25	2	19
2100.0	9.8	76.0	8.0	32	25	2	22
720.0	1.5	32.0	8.0	32	26	2	18
780.0	1.8	28.0	8.0	32	26	2	19
600.0	2.0	8.0	7.0	32	26	2	19
300.0	0.9	8.0	8.0	32	26	2	19
1200.0	5.0	8.0	60.0	32	26	2	20
300.0	1.5	32.0	28.0	32	26	2	21
300.0	1.2	32.0	8.0	32	26	2	21
120.0	0.6	8.0	28.0	32	26	2	22
300.0	1.2	28.0	28.0	32	26	2	22
300.0	1.2	28.0	8.0	32	26	2	22
120.0	0.6	32.0	32.0	32	26	2	23
360.0	1.2	8.0	32.0	32	27	2	16
1500.0	7.2	8.0	16.0	32	27	2	17
540.0	1.4	8.0	8.0	32	27	2	18
300.0	0.7	8.0	8.0	32	27	2	18
360.0	0.8	32.0	28.0	32	27	2	19
480.0	1.3	28.0	8.0	32	27	2	19
360.0	1.2	32.0	28.0	32	27	2	19
480.0	1.3	28.0	32.0	32	27	2	19
300.0	1.0	32.0	8.0	32	27	2	20
240.0	0.8	8.0	8.0	32	27	2	20
300.0	0.9	32.0	32.0	32	27	2	20
300.0	1.0	8.0	8.0	32	27	2	22
180.0	0.6	32.0	32.0	32	27	2	22
1080.0	7.4	33.0	6.0	32	27	2	23
960.0	2.9	33.0	8.0	32	28	2	16
420.0	0.9	8.0	32.0	32	28	2	16
540.0	1.2	32.0	8.0	32	28	2	17
1200.0	5.4	32.0	6.0	32	28	2	17
360.0	0.8	28.0	32.0	32	28	2	17
300.0	1.2	8.0	8.0	32	28	2	18
4980.0	20.1	8.0	76.0	32	28	2	18
2040.0	15.7	76.0	7.0	32	28	2	21
660.0	1.9	8.0	32.0	32	28	2	21
420.0	0.9	32.0	32.0	32	28	2	22
420.0	1.5	28.0	33.0	32	28	2	22
300.0	1.1	32.0	32.0	32	28	2	22
480.0	1.5	32.0	8.0	32	28	2	23
360.0	1.2	32.0	8.0	32	28	2	23
660.0	1.3	32.0	28.0	32	1	3	14
180.0	0.6	32.0	32.0	32	1	3	14
300.0	0.7	32.0	32.0	32	1	3	15
300.0	0.5	32.0	32.0	32	1	3	15
240.0	0.7	28.0	32.0	32	1	3	16
3300.0	0.7	32.0	76.0	32	1	3	16
3180.0	13.1	76.0	7.0	32	1	3	17
360.0	1.0	8.0	8.0	32	1	3	19
360.0	1.0	32.0	32.0	32	1	3	19
480.0	1.2	32.0	32.0	32	1	3	19
1260.0	8.1	28.0	3.0	32	1	3	20
420.0	0.6	8.0	8.0	32	1	3	21
660.0	2.1	32.0	33.0	32	1	3	21
600.0	3.1	28.0	24.0	32	1	3	22
1200.0	6.6	24.0	6.0	32	1	3	22
660.0	2.2	33.0	8.0	32	2	3	17
360.0	1.3	8.0	32.0	32	2	3	17
720.0	2.1	28.0	8.0	32	2	3	18
420.0	0.7	8.0	32.0	32	2	3	19
420.0	1.0	28.0	8.0	32	2	3	20
300.0	1.1	8.0	8.0	32	2	3	20
240.0	0.9	28.0	8.0	32	2	3	21
720.0	5.3	8.0	6.0	32	2	3	21
900.0	2.1	6.0	5.0	32	2	3	22
660.0	7.8	32.0	16.0	32	2	3	23
420.0	1.7	28.0	32.0	32	2	3	23
240.0	0.9	32.0	32.0	32	3	3	0
660.0	2.2	33.0	32.0	32	3	3	18
300.0	1.1	28.0	8.0	32	3	3	18
660.0	2.1	8.0	28.0	32	3	3	19
480.0	1.6	32.0	8.0	32	3	3	19
1020.0	6.7	8.0	4.0	32	3	3	19
240.0	1.0	6.0	3.0	32	3	3	20
540.0	1.6	8.0	8.0	32	3	3	20
840.0	2.8	28.0	33.0	32	3	3	20
300.0	0.7	8.0	28.0	32	3	3	20
300.0	1.1	8.0	8.0	32	3	3	21
360.0	1.4	32.0	8.0	32	3	3	21
360.0	0.9	8.0	8.0	32	3	3	21
540.0	1.5	8.0	32.0	32	3	3	22
360.0	1.4	28.0	8.0	32	3	3	22
240.0	1.3	8.0	8.0	32	3	3	22
540.0	1.8	33.0	32.0	32	4	3	16
600.0	2.0	28.0	24.0	32	4	3	17
180.0	0.7	28.0	28.0	32	4	3	17
480.0	1.3	8.0	8.0	32	4	3	17
540.0	4.7	8.0	3.0	32	4	3	18
540.0	0.8	8.0	8.0	32	4	3	18
600.0	0.6	32.0	28.0	32	4	3	18
180.0	0.7	28.0	28.0	32	4	3	18
300.0	0.6	32.0	8.0	32	4	3	19
480.0	1.3	28.0	32.0	32	4	3	19
300.0	0.8	32.0	28.0	32	4	3	19
600.0	1.4	32.0	8.0	32	4	3	20
300.0	0.7	8.0	8.0	32	4	3	21
540.0	1.4	8.0	32.0	32	4	3	21
300.0	1.2	32.0	28.0	32	4	3	21
300.0	0.8	28.0	32.0	32	4	3	22
300.0	0.8	8.0	8.0	32	4	3	22
660.0	2.1	28.0	8.0	32	4	3	23
420.0	1.4	32.0	32.0	32	5	3	0
300.0	0.7	8.0	8.0	32	5	3	17
300.0	0.8	32.0	32.0	32	5	3	17
240.0	0.6	32.0	28.0	32	5	3	17
1260.0	2.5	32.0	7.0	32	5	3	18
600.0	1.3	8.0	32.0	32	5	3	18
300.0	0.8	32.0	32.0	32	5	3	19
360.0	0.7	28.0	28.0	32	5	3	19
360.0	1.5	28.0	28.0	32	5	3	19
420.0	0.9	28.0	32.0	32	5	3	19
420.0	1.2	8.0	24.0	32	5	3	20
360.0	0.9	28.0	8.0	32	5	3	20
540.0	1.3	8.0	28.0	32	5	3	21
600.0	1.8	28.0	8.0	32	5	3	21
540.0	1.5	28.0	32.0	32	5	3	22
1140.0	3.1	32.0	35.0	32	5	3	22
600.0	2.5	28.0	7.0	32	5	3	23
180.0	0.7	32.0	8.0	32	6	3	16
300.0	0.8	32.0	28.0	32	6	3	17
900.0	0.9	32.0	32.0	32	6	3	17
660.0	1.4	32.0	28.0	32	6	3	18
600.0	1.7	28.0	8.0	32	6	3	18
720.0	1.4	8.0	8.0	32	6	3	19
360.0	0.8	8.0	28.0	32	6	3	19
480.0	1.4	28.0	28.0	32	6	3	20
360.0	0.8	28.0	8.0	32	6	3	20
420.0	1.8	8.0	7.0	32	6	3	20
480.0	0.9	8.0	8.0	32	6	3	20
600.0	4.8	8.0	5.0	32	6	3	21
180.0	0.5	8.0	8.0	32	6	3	21
300.0	0.9	8.0	32.0	32	6	3	22
660.0	2.6	32.0	8.0	32	6	3	22
120.0	0.5	8.0	8.0	32	6	3	22
360.0	1.1	8.0	32.0	32	6	3	23
480.0	1.2	32.0	8.0	32	6	3	23
240.0	0.8	32.0	32.0	32	6	3	23
180.0	0.7	32.0	32.0	32	7	3	0
480.0	1.8	33.0	32.0	32	7	3	15
240.0	0.8	28.0	32.0	32	7	3	16
900.0	2.1	32.0	24.0	32	7	3	17
1140.0	5.9	32.0	6.0	32	7	3	18
780.0	1.8	8.0	32.0	32	7	3	18
300.0	0.7	32.0	28.0	32	7	3	19
480.0	1.7	28.0	8.0	32	7	3	19
960.0	2.8	8.0	7.0	32	7	3	19
420.0	0.9	8.0	8.0	32	7	3	20
600.0	1.9	28.0	8.0	32	7	3	20
240.0	0.8	32.0	28.0	32	7	3	21
660.0	4.1	28.0	7.0	32	7	3	21
900.0	5.7	8.0	6.0	32	7	3	22
840.0	2.3	32.0	8.0	32	7	3	23
540.0	1.5	8.0	32.0	32	7	3	23
2280.0	10.9	33.0	56.0	32	8	3	15
240.0	0.5	32.0	28.0	32	8	3	17
1440.0	8.9	28.0	77.0	32	8	3	17
900.0	1.7	8.0	28.0	32	8	3	18
660.0	1.9	28.0	8.0	32	8	3	18
1260.0	2.4	8.0	32.0	32	8	3	18
960.0	2.8	32.0	8.0	32	8	3	19
480.0	1.8	32.0	33.0	32	8	3	20
1620.0	6.6	28.0	6.0	32	8	3	21
420.0	0.8	8.0	8.0	32	8	3	22
1080.0	4.8	32.0	24.0	32	8	3	23
840.0	5.1	28.0	5.0	32	8	3	23
240.0	0.9	32.0	28.0	32	9	3	15
720.0	2.1	8.0	7.0	32	9	3	16
660.0	1.3	8.0	32.0	32	9	3	16
240.0	0.7	8.0	28.0	32	9	3	18
780.0	2.7	28.0	7.0	32	9	3	19
600.0	1.4	28.0	32.0	32	9	3	20
720.0	2.6	33.0	32.0	32	10	3	17
840.0	5.1	32.0	6.0	32	10	3	19
300.0	0.6	8.0	8.0	32	10	3	20
540.0	2.1	28.0	8.0	32	10	3	20
2160.0	2.6	8.0	8.0	32	10	3	21
1440.0	8.6	8.0	14.0	32	11	3	19
780.0	2.7	77.0	1.0	32	11	3	20
180.0	0.6	8.0	32.0	32	11	3	21
360.0	0.9	32.0	8.0	32	11	3	21
420.0	1.7	32.0	8.0	32	11	3	22
300.0	1.1	32.0	32.0	32	11	3	22
1380.0	1.9	32.0	5.0	32	11	3	22
300.0	1.3	32.0	33.0	32	11	3	23
300.0	1.0	8.0	7.0	32	12	3	17
600.0	1.2	8.0	28.0	32	12	3	17
300.0	1.2	28.0	8.0	32	12	3	18
360.0	0.9	28.0	28.0	32	12	3	18
960.0	2.6	28.0	8.0	32	12	3	19
480.0	1.4	8.0	28.0	32	12	3	19
660.0	1.8	28.0	28.0	32	12	3	19
300.0	0.7	28.0	28.0	32	12	3	20
660.0	4.4	32.0	6.0	32	12	3	21
480.0	1.3	8.0	8.0	32	12	3	22
480.0	2.2	33.0	8.0	32	13	3	16
240.0	0.5	32.0	32.0	32	13	3	17
780.0	1.8	28.0	8.0	32	13	3	17
840.0	3.2	8.0	24.0	32	13	3	17
360.0	1.0	24.0	28.0	32	13	3	17
360.0	0.7	28.0	28.0	32	13	3	18
780.0	1.1	28.0	8.0	32	13	3	18
960.0	1.6	8.0	8.0	32	13	3	18
300.0	0.8	8.0	28.0	32	13	3	19
360.0	1.2	28.0	32.0	32	13	3	20
180.0	0.7	32.0	32.0	32	13	3	20
840.0	5.0	28.0	7.0	32	13	3	21
540.0	1.7	8.0	28.0	32	13	3	22
480.0	1.0	28.0	32.0	32	13	3	22
480.0	1.9	28.0	8.0	32	13	3	23
360.0	0.7	32.0	32.0	32	13	3	23
540.0	2.2	33.0	8.0	32	14	3	16
660.0	1.4	8.0	28.0	32	14	3	16
660.0	1.8	28.0	8.0	32	14	3	17
540.0	1.2	32.0	28.0	32	14	3	17
1200.0	2.2	28.0	8.0	32	14	3	17
420.0	0.5	8.0	8.0	32	14	3	18
720.0	1.1	32.0	32.0	32	14	3	18
360.0	0.6	32.0	32.0	32	14	3	18
540.0	1.3	32.0	28.0	32	14	3	19
960.0	6.7	8.0	3.0	32	14	3	20
300.0	0.8	8.0	32.0	32	14	3	21
420.0	1.6	8.0	28.0	32	14	3	21
120.0	0.5	28.0	28.0	32	14	3	21
480.0	1.6	28.0	8.0	32	14	3	21
600.0	5.4	8.0	3.0	32	14	3	22
120.0	0.8	8.0	8.0	32	14	3	23
780.0	2.8	33.0	8.0	32	15	3	15
600.0	1.5	8.0	28.0	32	15	3	15
420.0	1.2	32.0	28.0	32	15	3	17
660.0	1.5	28.0	32.0	32	15	3	17
1200.0	2.0	32.0	8.0	32	15	3	18
780.0	3.3	8.0	6.0	32	15	3	18
1680.0	5.9	8.0	20.0	32	15	3	19
360.0	1.0	8.0	8.0	32	15	3	20
660.0	1.4	32.0	28.0	32	15	3	20
480.0	1.5	28.0	32.0	32	15	3	21
300.0	0.7	28.0	32.0	32	15	3	22
720.0	1.7	32.0	28.0	32	16	3	14
720.0	2.2	28.0	24.0	32	16	3	14
540.0	1.5	24.0	28.0	32	16	3	15
420.0	0.8	8.0	8.0	32	16	3	17
420.0	0.9	8.0	32.0	32	16	3	19
1140.0	5.2	7.0	77.0	32	16	3	20
420.0	1.4	77.0	77.0	32	16	3	20
420.0	1.6	6.0	3.0	32	16	3	21
420.0	1.1	8.0	8.0	32	16	3	21
360.0	0.9	8.0	32.0	32	16	3	23
660.0	2.4	33.0	8.0	32	17	3	15
600.0	1.1	32.0	28.0	32	17	3	16
180.0	0.6	32.0	32.0	32	17	3	16
360.0	0.9	8.0	32.0	32	17	3	17
360.0	1.1	32.0	32.0	32	17	3	18
420.0	1.2	32.0	8.0	32	17	3	18
600.0	1.0	8.0	8.0	32	17	3	18
300.0	0.9	8.0	8.0	32	17	3	19
600.0	3.1	8.0	7.0	32	17	3	20
600.0	3.7	32.0	24.0	32	17	3	20
420.0	0.8	8.0	8.0	32	18	3	16
2160.0	14.3	76.0	7.0	32	18	3	20
480.0	1.1	8.0	8.0	32	18	3	21
540.0	2.1	8.0	33.0	32	18	3	21
480.0	2.0	32.0	8.0	32	18	3	22
480.0	1.5	28.0	32.0	32	18	3	22
180.0	0.7	32.0	32.0	32	18	3	22
780.0	3.0	28.0	8.0	32	18	3	23
420.0	2.2	33.0	8.0	32	19	3	16
420.0	1.1	8.0	8.0	32	19	3	16
540.0	1.4	8.0	8.0	32	19	3	17
840.0	2.2	8.0	32.0	32	19	3	17
180.0	0.6	32.0	28.0	32	19	3	18
480.0	1.5	28.0	28.0	32	19	3	18
660.0	3.2	28.0	24.0	32	19	3	18
540.0	1.4	8.0	28.0	32	19	3	19
180.0	0.7	28.0	32.0	32	19	3	20
180.0	0.6	32.0	28.0	32	19	3	20
660.0	3.5	32.0	28.0	32	19	3	20
360.0	1.4	32.0	28.0	32	19	3	21
360.0	1.1	28.0	24.0	32	19	3	21
660.0	2.7	32.0	7.0	32	19	3	22
360.0	0.7	8.0	8.0	32	19	3	23
480.0	1.5	33.0	32.0	32	20	3	16
540.0	1.5	32.0	8.0	32	20	3	16
300.0	0.8	8.0	32.0	32	20	3	16
480.0	0.6	32.0	32.0	32	20	3	18
900.0	1.1	8.0	8.0	32	20	3	18
120.0	0.5	8.0	32.0	32	20	3	19
480.0	1.4	28.0	28.0	32	20	3	19
600.0	3.7	8.0	6.0	32	20	3	20
420.0	1.7	8.0	8.0	32	20	3	20
720.0	1.9	8.0	28.0	32	20	3	21
300.0	0.6	8.0	8.0	32	20	3	22
420.0	1.1	32.0	8.0	32	20	3	22
660.0	4.3	8.0	7.0	32	20	3	22
660.0	2.9	32.0	31.0	32	20	3	23
780.0	3.0	33.0	28.0	32	21	3	16
540.0	1.5	28.0	32.0	32	21	3	16
480.0	1.4	32.0	8.0	32	21	3	17
540.0	1.4	28.0	24.0	32	21	3	17
1020.0	5.9	28.0	21.0	32	21	3	18
240.0	0.7	32.0	32.0	32	21	3	19
480.0	1.1	28.0	28.0	32	21	3	19
540.0	1.5	28.0	28.0	32	21	3	20
600.0	1.7	28.0	8.0	32	21	3	20
1020.0	6.0	8.0	21.0	32	21	3	21
480.0	1.9	24.0	7.0	32	21	3	21
480.0	1.5	8.0	8.0	32	21	3	21
720.0	4.1	32.0	24.0	32	21	3	22
840.0	3.6	24.0	6.0	32	21	3	22
780.0	3.0	32.0	7.0	32	21	3	23
360.0	1.4	33.0	32.0	32	22	3	15
180.0	0.7	32.0	8.0	32	22	3	15
480.0	2.1	8.0	32.0	32	22	3	15
300.0	1.1	8.0	8.0	32	22	3	16
360.0	1.4	8.0	28.0	32	22	3	17
300.0	1.4	32.0	32.0	32	22	3	17
420.0	0.8	32.0	28.0	32	22	3	17
3480.0	17.3	28.0	76.0	32	22	3	17
2100.0	24.5	76.0	39.0	32	22	3	23
1320.0	2.6	33.0	28.0	32	23	3	18
480.0	1.9	28.0	28.0	32	23	3	18
780.0	2.4	32.0	28.0	32	23	3	19
600.0	1.8	28.0	32.0	32	23	3	19
1260.0	4.1	32.0	22.0	32	23	3	19
480.0	1.1	8.0	8.0	32	23	3	20
600.0	1.5	8.0	8.0	32	23	3	21
420.0	0.6	8.0	8.0	32	23	3	21
540.0	2.1	8.0	32.0	32	23	3	22
840.0	7.6	33.0	3.0	32	23	3	23
180.0	0.5	8.0	8.0	32	24	3	0
360.0	0.8	32.0	8.0	32	24	3	0
1140.0	7.0	32.0	6.0	32	24	3	0
1380.0	4.9	6.0	8.0	32	24	3	0
780.0	2.6	33.0	8.0	32	24	3	17
540.0	1.5	8.0	32.0	32	24	3	18
600.0	2.6	8.0	7.0	32	24	3	19
300.0	0.9	8.0	8.0	32	24	3	20
1440.0	6.6	33.0	6.0	32	25	3	18
600.0	1.5	8.0	32.0	32	25	3	19
540.0	1.1	32.0	8.0	32	25	3	19
420.0	1.0	8.0	8.0	32	25	3	19
360.0	1.0	8.0	32.0	32	25	3	20
300.0	1.4	8.0	32.0	32	25	3	21
300.0	1.7	33.0	32.0	32	26	3	16
360.0	0.7	32.0	32.0	32	26	3	16
780.0	1.6	28.0	8.0	32	26	3	17
540.0	1.7	32.0	33.0	32	26	3	17
720.0	1.2	28.0	8.0	32	26	3	18
180.0	0.6	32.0	32.0	32	26	3	18
1080.0	2.8	8.0	28.0	32	26	3	19
360.0	1.1	32.0	28.0	32	26	3	19
420.0	1.3	32.0	8.0	32	26	3	20
360.0	1.8	8.0	24.0	32	26	3	20
240.0	0.6	8.0	8.0	32	26	3	21
420.0	1.2	8.0	32.0	32	26	3	21
1020.0	2.7	32.0	32.0	32	26	3	21
840.0	2.4	33.0	8.0	32	27	3	17
420.0	1.2	8.0	8.0	32	27	3	17
540.0	1.0	32.0	28.0	32	27	3	18
300.0	0.7	28.0	32.0	32	27	3	18
1440.0	4.6	32.0	7.0	32	27	3	18
240.0	1.0	8.0	8.0	32	27	3	19
420.0	1.5	32.0	33.0	32	27	3	20
480.0	1.4	28.0	8.0	32	27	3	20
300.0	0.7	8.0	8.0	32	27	3	21
1020.0	5.4	8.0	6.0	32	27	3	21
180.0	0.7	8.0	8.0	32	27	3	22
420.0	1.3	8.0	32.0	32	27	3	22
360.0	1.1	32.0	8.0	32	27	3	23
180.0	0.7	32.0	32.0	32	27	3	23
480.0	2.5	33.0	8.0	32	28	3	15
540.0	1.8	32.0	8.0	32	28	3	16
300.0	0.8	8.0	8.0	32	28	3	16
720.0	2.4	8.0	7.0	32	28	3	17
180.0	0.6	8.0	8.0	32	28	3	18
900.0	1.4	8.0	32.0	32	28	3	18
420.0	0.9	28.0	32.0	32	28	3	19
480.0	1.3	32.0	28.0	32	28	3	20
1140.0	7.5	28.0	6.0	32	28	3	20
1080.0	8.6	8.0	41.0	32	28	3	21
900.0	4.7	32.0	24.0	32	28	3	22
360.0	1.1	32.0	32.0	32	28	3	23
360.0	0.9	32.0	32.0	32	28	3	23
840.0	2.0	33.0	28.0	32	29	3	15
360.0	0.8	28.0	32.0	32	29	3	16
2640.0	17.7	28.0	76.0	32	29	3	16
600.0	17.7	76.0	76.0	32	29	3	19
360.0	0.9	8.0	32.0	32	29	3	21
1680.0	14.9	32.0	72.0	32	29	3	22
840.0	2.2	33.0	32.0	32	30	3	17
540.0	1.6	28.0	24.0	32	30	3	18
420.0	0.5	8.0	8.0	32	30	3	19
900.0	3.2	32.0	7.0	32	30	3	20
420.0	0.6	8.0	8.0	32	30	3	20
420.0	1.0	8.0	32.0	32	30	3	21
600.0	1.7	32.0	32.0	32	30	3	21
360.0	1.4	8.0	32.0	32	30	3	22
660.0	1.9	28.0	8.0	32	30	3	23
600.0	2.5	32.0	33.0	32	31	3	0
480.0	1.5	28.0	8.0	32	31	3	15
480.0	0.9	8.0	8.0	32	31	3	16
480.0	1.8	28.0	8.0	32	31	3	17
660.0	6.2	28.0	21.0	32	31	3	18
480.0	1.2	32.0	28.0	32	1	4	17
480.0	1.5	33.0	32.0	32	1	4	17
480.0	2.1	8.0	8.0	32	1	4	18
1500.0	4.3	8.0	24.0	32	1	4	18
720.0	4.6	28.0	22.0	32	1	4	19
780.0	3.1	8.0	33.0	32	1	4	20
540.0	1.8	32.0	8.0	32	1	4	20
240.0	0.7	8.0	8.0	32	1	4	21
420.0	1.4	8.0	28.0	32	1	4	21
420.0	2.6	28.0	24.0	32	1	4	21
360.0	0.8	8.0	8.0	32	1	4	22
900.0	2.6	33.0	8.0	32	2	4	15
660.0	1.5	8.0	32.0	32	2	4	15
900.0	2.9	32.0	24.0	32	2	4	17
540.0	3.3	32.0	8.0	32	2	4	17
480.0	0.9	8.0	8.0	32	2	4	18
1200.0	4.7	8.0	7.0	32	2	4	18
300.0	0.6	8.0	8.0	32	2	4	19
360.0	1.3	8.0	8.0	32	2	4	20
360.0	1.0	8.0	8.0	32	2	4	20
480.0	1.2	8.0	28.0	32	2	4	20
300.0	0.8	8.0	8.0	32	2	4	21
420.0	1.6	8.0	24.0	32	2	4	21
420.0	1.0	8.0	8.0	32	2	4	21
480.0	1.9	32.0	8.0	32	2	4	22
240.0	0.7	32.0	32.0	32	2	4	23
420.0	1.5	32.0	8.0	32	2	4	23
420.0	1.8	32.0	8.0	32	2	4	23
660.0	2.3	33.0	32.0	32	3	4	15
300.0	0.8	32.0	8.0	32	3	4	15
360.0	1.0	32.0	8.0	32	3	4	16
240.0	0.6	32.0	32.0	32	3	4	17
720.0	1.2	32.0	28.0	32	3	4	18
540.0	1.2	28.0	32.0	32	3	4	18
360.0	0.8	32.0	8.0	32	3	4	18
480.0	0.9	8.0	8.0	32	3	4	18
420.0	1.0	8.0	8.0	32	3	4	19
420.0	0.6	8.0	8.0	32	3	4	19
540.0	1.9	8.0	8.0	32	3	4	19
300.0	1.2	8.0	8.0	32	3	4	19
300.0	0.9	8.0	8.0	32	3	4	20
240.0	0.6	8.0	8.0	32	3	4	20
240.0	0.7	8.0	8.0	32	3	4	20
420.0	1.2	8.0	8.0	32	3	4	21
300.0	1.1	28.0	8.0	32	3	4	22
660.0	2.1	8.0	28.0	32	3	4	22
540.0	1.9	33.0	31.0	32	3	4	23
600.0	1.8	33.0	32.0	32	4	4	15
240.0	0.5	8.0	8.0	32	4	4	16
360.0	0.9	32.0	32.0	32	4	4	16
420.0	0.7	32.0	32.0	32	4	4	17
900.0	2.1	32.0	8.0	32	4	4	17
1620.0	1.6	8.0	28.0	32	4	4	17
840.0	1.2	28.0	8.0	32	4	4	18
2460.0	3.6	8.0	22.0	32	4	4	18
1920.0	4.3	8.0	8.0	32	4	4	19
600.0	1.6	8.0	28.0	32	4	4	20
180.0	0.7	32.0	8.0	32	4	4	20
300.0	0.8	8.0	8.0	32	4	4	21
300.0	0.7	8.0	8.0	32	4	4	21
300.0	0.9	32.0	28.0	32	4	4	21
300.0	0.8	28.0	32.0	32	4	4	22
360.0	1.8	32.0	33.0	32	4	4	22
240.0	0.8	32.0	32.0	32	4	4	22
360.0	1.2	32.0	28.0	32	4	4	23
300.0	0.7	32.0	32.0	32	4	4	23
540.0	3.6	32.0	7.0	32	4	4	23
1080.0	2.6	33.0	8.0	32	5	4	16
780.0	1.8	8.0	32.0	32	5	4	16
660.0	2.1	32.0	33.0	32	5	4	17
360.0	1.3	28.0	8.0	32	5	4	18
840.0	1.9	32.0	8.0	32	5	4	18
840.0	2.7	8.0	28.0	32	5	4	19
540.0	1.5	28.0	8.0	32	5	4	19
360.0	0.6	8.0	8.0	32	5	4	20
420.0	1.0	8.0	28.0	32	5	4	20
840.0	3.1	8.0	33.0	32	7	4	17
720.0	2.6	33.0	8.0	32	8	4	16
300.0	0.6	32.0	28.0	32	8	4	18
540.0	1.6	8.0	8.0	32	8	4	22
480.0	1.3	8.0	28.0	32	9	4	21
540.0	1.4	32.0	8.0	32	10	4	23
1020.0	3.0	28.0	7.0	32	11	4	17
480.0	1.4	6.0	6.0	32	11	4	21
240.0	0.6	8.0	32.0	32	11	4	23
300.0	0.8	32.0	32.0	32	13	4	17
720.0	4.4	33.0	39.0	32	13	4	18
660.0	2.0	33.0	33.0	32	13	4	19
1140.0	3.3	33.0	8.0	32	13	4	19
300.0	1.3	8.0	8.0	32	13	4	21
600.0	1.7	8.0	32.0	32	13	4	22
1320.0	9.9	32.0	4.0	32	13	4	22
300.0	1.1	5.0	4.0	32	14	4	0
840.0	3.8	3.0	6.0	32	14	4	0
600.0	1.9	32.0	8.0	32	14	4	19
420.0	1.3	8.0	8.0	32	14	4	19
240.0	0.7	28.0	28.0	32	14	4	20
420.0	1.8	32.0	33.0	32	15	4	15
600.0	2.3	33.0	32.0	32	15	4	15
4020.0	20.1	33.0	76.0	32	15	4	17
480.0	1.1	8.0	8.0	32	15	4	21
360.0	2.3	33.0	32.0	32	16	4	13
300.0	0.8	32.0	8.0	32	16	4	14
540.0	1.2	32.0	32.0	32	16	4	14
600.0	1.2	32.0	28.0	32	16	4	15
720.0	1.9	8.0	28.0	32	16	4	16
420.0	0.9	8.0	28.0	32	16	4	17
840.0	1.5	28.0	8.0	32	16	4	18
300.0	0.5	8.0	8.0	32	16	4	18
300.0	0.9	8.0	32.0	32	16	4	19
360.0	1.3	32.0	8.0	32	16	4	19
900.0	8.2	32.0	41.0	32	16	4	20
240.0	0.7	28.0	32.0	32	17	4	16
420.0	1.0	28.0	32.0	32	17	4	17
240.0	0.5	32.0	32.0	32	17	4	18
1020.0	3.5	28.0	24.0	32	17	4	18
240.0	0.8	8.0	8.0	32	17	4	20
480.0	1.3	8.0	28.0	32	17	4	20
780.0	2.8	28.0	7.0	32	17	4	21
540.0	1.9	7.0	8.0	32	17	4	21
660.0	2.6	8.0	7.0	32	17	4	21
540.0	2.1	28.0	8.0	32	17	4	22
660.0	1.6	33.0	32.0	32	18	4	16
2520.0	10.7	28.0	56.0	32	18	4	17
1200.0	9.3	56.0	33.0	32	18	4	19
1200.0	9.5	28.0	77.0	32	18	4	20
300.0	0.6	32.0	28.0	32	18	4	20
360.0	1.3	8.0	32.0	32	18	4	20
420.0	0.9	8.0	8.0	32	18	4	21
720.0	3.1	8.0	31.0	32	18	4	21
360.0	2.2	33.0	8.0	32	19	4	12
480.0	1.8	32.0	8.0	32	19	4	12
2220.0	17.5	28.0	76.0	32	19	4	13
2220.0	15.4	76.0	7.0	32	19	4	17
720.0	1.8	8.0	32.0	32	19	4	18
600.0	1.5	32.0	28.0	32	19	4	18
1500.0	7.4	28.0	6.0	32	19	4	19
420.0	0.5	8.0	8.0	32	19	4	20
240.0	1.0	8.0	32.0	32	19	4	20
420.0	1.4	32.0	33.0	32	19	4	21
600.0	1.8	32.0	8.0	32	20	4	17
360.0	1.0	28.0	8.0	32	20	4	18
960.0	1.7	28.0	8.0	32	20	4	18
360.0	1.1	28.0	8.0	32	20	4	19
180.0	0.8	32.0	28.0	32	20	4	20
660.0	2.1	28.0	8.0	32	20	4	20
1260.0	9.2	28.0	3.0	32	20	4	21
180.0	0.5	8.0	32.0	32	20	4	23
360.0	1.2	32.0	8.0	32	20	4	23
720.0	2.3	8.0	33.0	32	20	4	23
780.0	4.3	28.0	24.0	32	21	4	16
300.0	0.9	8.0	28.0	32	21	4	17
780.0	2.3	28.0	8.0	32	21	4	17
600.0	1.7	32.0	32.0	32	21	4	18
960.0	7.4	28.0	3.0	32	21	4	19
660.0	4.5	6.0	8.0	32	21	4	19
240.0	0.9	28.0	28.0	32	21	4	20
780.0	2.3	28.0	8.0	32	21	4	20
600.0	2.6	8.0	24.0	32	21	4	21
180.0	0.6	24.0	28.0	32	21	4	21
600.0	1.6	28.0	8.0	32	21	4	21
660.0	3.0	32.0	28.0	32	21	4	22
600.0	1.3	28.0	32.0	32	22	4	19
780.0	2.5	28.0	33.0	32	22	4	20
660.0	5.5	32.0	39.0	32	22	4	20
180.0	0.7	28.0	32.0	32	22	4	21
660.0	4.3	28.0	7.0	32	22	4	21
660.0	3.5	7.0	8.0	32	22	4	21
480.0	2.0	8.0	32.0	32	22	4	22
600.0	2.1	33.0	32.0	32	23	4	17
2220.0	10.7	28.0	56.0	32	23	4	18
1320.0	11.9	56.0	32.0	32	23	4	19
240.0	0.5	28.0	28.0	32	23	4	20
600.0	1.7	28.0	8.0	32	23	4	20
360.0	2.0	8.0	28.0	32	23	4	20
720.0	3.5	28.0	24.0	32	23	4	20
720.0	2.1	8.0	7.0	32	23	4	21
240.0	0.8	8.0	32.0	32	23	4	22
360.0	1.0	28.0	8.0	32	23	4	23
300.0	1.0	32.0	8.0	32	23	4	23
780.0	3.5	32.0	28.0	32	24	4	17
720.0	1.6	28.0	32.0	32	24	4	18
240.0	0.7	32.0	32.0	32	24	4	18
480.0	0.6	8.0	32.0	32	24	4	18
240.0	0.5	32.0	28.0	32	24	4	18
720.0	1.3	28.0	8.0	32	24	4	18
600.0	1.3	8.0	8.0	32	24	4	19
360.0	1.2	8.0	8.0	32	24	4	20
1440.0	8.1	8.0	5.0	32	24	4	20
540.0	3.1	7.0	32.0	32	24	4	21
240.0	0.7	32.0	8.0	32	24	4	23
900.0	1.3	8.0	32.0	32	24	4	23
1140.0	2.6	33.0	8.0	32	25	4	17
780.0	1.7	8.0	28.0	32	25	4	17
1860.0	5.9	32.0	7.0	32	25	4	18
480.0	1.3	32.0	32.0	32	25	4	19
300.0	1.0	32.0	8.0	32	25	4	20
360.0	1.5	32.0	33.0	32	25	4	20
600.0	1.9	32.0	8.0	32	25	4	21
1020.0	4.3	32.0	31.0	32	25	4	23
1320.0	3.5	32.0	24.0	32	26	4	15
540.0	2.2	8.0	32.0	32	26	4	15
960.0	7.2	32.0	41.0	32	26	4	16
360.0	1.1	32.0	8.0	32	26	4	17
420.0	0.7	8.0	8.0	32	26	4	17
720.0	1.0	8.0	8.0	32	26	4	18
1320.0	3.6	8.0	28.0	32	26	4	18
2100.0	12.9	28.0	10.0	32	26	4	19
1920.0	18.2	76.0	32.0	32	26	4	22
480.0	1.3	8.0	8.0	32	27	4	17
300.0	1.0	32.0	28.0	32	27	4	18
360.0	1.0	32.0	32.0	32	27	4	18
840.0	3.0	28.0	33.0	32	27	4	18
600.0	2.1	28.0	8.0	32	27	4	19
780.0	1.9	8.0	32.0	32	27	4	19
540.0	1.9	28.0	24.0	32	27	4	21
300.0	0.6	8.0	8.0	32	27	4	22
1860.0	13.2	56.0	22.0	32	28	4	19
1380.0	11.8	56.0	32.0	32	28	4	21
360.0	0.5	8.0	8.0	32	28	4	22
120.0	0.6	28.0	28.0	32	28	4	22
120.0	0.5	28.0	32.0	32	29	4	19
300.0	0.8	28.0	8.0	32	29	4	19
420.0	1.3	32.0	33.0	32	29	4	20
240.0	0.6	32.0	32.0	32	29	4	20
780.0	3.7	8.0	6.0	32	29	4	22
480.0	1.3	8.0	28.0	32	29	4	23
2160.0	1.6	28.0	28.0	32	29	4	23
660.0	2.1	32.0	28.0	32	30	4	15
300.0	0.5	32.0	32.0	32	30	4	16
3000.0	10.6	32.0	66.0	32	30	4	16
720.0	2.4	33.0	32.0	32	30	4	17
1800.0	6.8	32.0	5.0	32	30	4	17
2640.0	5.5	32.0	24.0	32	30	4	19
480.0	1.4	8.0	32.0	32	30	4	20
420.0	1.2	32.0	8.0	32	30	4	20
300.0	1.1	32.0	28.0	32	30	4	20
600.0	1.9	28.0	8.0	32	30	4	20
960.0	5.3	28.0	7.0	32	30	4	21
660.0	3.1	8.0	7.0	32	30	4	22
300.0	0.7	8.0	8.0	32	30	4	23
540.0	1.7	32.0	8.0	32	1	5	15
540.0	1.5	32.0	32.0	32	1	5	15
360.0	1.0	28.0	32.0	32	1	5	16
240.0	0.5	32.0	28.0	32	1	5	17
360.0	0.9	28.0	32.0	32	1	5	17
720.0	1.3	8.0	32.0	32	1	5	18
660.0	0.7	28.0	32.0	32	1	5	18
840.0	1.4	32.0	8.0	32	1	5	18
540.0	0.5	8.0	8.0	32	1	5	18
660.0	1.3	32.0	8.0	32	1	5	19
420.0	0.8	32.0	32.0	32	1	5	19
600.0	1.0	32.0	32.0	32	1	5	20
540.0	0.9	32.0	8.0	32	1	5	20
360.0	0.9	32.0	8.0	32	1	5	20
1080.0	8.4	32.0	16.0	32	1	5	21
120.0	0.5	8.0	8.0	32	1	5	22
420.0	2.3	8.0	32.0	32	1	5	22
300.0	0.9	32.0	8.0	32	1	5	22
540.0	1.4	8.0	32.0	32	1	5	22
480.0	1.2	32.0	8.0	32	1	5	23
900.0	2.7	33.0	8.0	32	2	5	15
180.0	0.6	8.0	28.0	32	2	5	16
3300.0	16.4	56.0	6.0	32	2	5	19
420.0	0.7	8.0	32.0	32	2	5	20
960.0	3.5	32.0	7.0	32	2	5	20
1140.0	7.1	32.0	3.0	32	2	5	21
360.0	1.2	8.0	8.0	32	2	5	22
960.0	3.4	8.0	33.0	32	2	5	22
660.0	2.0	32.0	8.0	32	2	5	23
720.0	3.4	8.0	24.0	32	2	5	23
300.0	1.3	24.0	28.0	32	2	5	23
600.0	2.0	24.0	8.0	32	3	5	15
720.0	2.5	28.0	8.0	32	3	5	16
660.0	0.9	32.0	28.0	32	3	5	17
1500.0	3.9	28.0	24.0	32	3	5	17
480.0	1.0	8.0	28.0	32	3	5	18
480.0	0.9	28.0	8.0	32	3	5	18
540.0	1.0	28.0	8.0	32	3	5	19
240.0	0.7	32.0	28.0	32	3	5	19
720.0	2.2	8.0	8.0	32	3	5	19
420.0	1.5	32.0	28.0	32	3	5	20
420.0	0.9	32.0	8.0	32	3	5	21
300.0	0.7	8.0	8.0	32	3	5	21
1080.0	5.4	32.0	22.0	32	3	5	21
1020.0	3.2	24.0	8.0	32	3	5	22
360.0	0.7	8.0	8.0	32	3	5	22
360.0	1.5	8.0	32.0	32	3	5	22
300.0	0.7	8.0	32.0	32	3	5	23
360.0	1.0	32.0	8.0	32	3	5	23
720.0	1.0	32.0	8.0	32	4	5	20
420.0	1.3	8.0	8.0	32	4	5	22
900.0	2.7	8.0	28.0	32	4	5	23
300.0	1.1	8.0	8.0	32	4	5	23
540.0	2.2	28.0	7.0	32	4	5	23
420.0	1.3	8.0	8.0	32	4	5	23
360.0	1.4	8.0	32.0	32	5	5	0
1200.0	9.3	28.0	4.0	32	5	5	0
180.0	0.5	32.0	33.0	32	5	5	17
420.0	1.4	8.0	7.0	32	5	5	18
480.0	1.3	32.0	8.0	32	5	5	18
360.0	0.6	8.0	8.0	32	5	5	18
360.0	0.9	8.0	24.0	32	5	5	19
540.0	2.1	28.0	8.0	32	5	5	20
360.0	1.1	8.0	8.0	32	5	5	20
240.0	0.9	8.0	32.0	32	5	5	20
300.0	0.8	32.0	8.0	32	5	5	21
840.0	5.8	8.0	36.0	32	5	5	21
780.0	2.8	33.0	8.0	32	6	5	13
660.0	1.1	8.0	32.0	32	6	5	14
840.0	2.0	28.0	8.0	32	6	5	16
540.0	1.9	8.0	8.0	32	6	5	17
960.0	1.6	8.0	32.0	32	6	5	17
840.0	1.9	28.0	8.0	32	6	5	17
3180.0	18.2	8.0	76.0	32	6	5	18
2100.0	15.2	76.0	6.0	32	6	5	20
2640.0	9.6	33.0	56.0	32	7	5	15
780.0	2.9	33.0	28.0	32	7	5	16
540.0	1.5	28.0	8.0	32	7	5	17
1080.0	3.8	28.0	22.0	32	7	5	18
1020.0	2.8	8.0	7.0	32	7	5	19
780.0	2.2	8.0	28.0	32	7	5	19
540.0	1.7	28.0	8.0	32	7	5	20
240.0	0.7	8.0	8.0	32	7	5	20
240.0	0.5	8.0	8.0	32	7	5	20
720.0	2.1	32.0	8.0	32	7	5	21
480.0	1.2	32.0	32.0	32	7	5	21
720.0	2.8	33.0	8.0	32	8	5	14
2640.0	18.2	8.0	76.0	32	8	5	15
720.0	1.8	28.0	28.0	32	8	5	19
840.0	2.0	28.0	8.0	32	8	5	19
360.0	1.4	32.0	28.0	32	8	5	20
840.0	2.4	28.0	8.0	32	8	5	20
1020.0	6.5	8.0	5.0	32	8	5	21
1260.0	7.1	6.0	28.0	32	8	5	21
1260.0	6.3	28.0	5.0	32	8	5	22
660.0	1.4	6.0	7.0	32	8	5	22
840.0	4.5	6.0	8.0	32	8	5	23
300.0	0.8	32.0	32.0	32	9	5	14
360.0	0.9	32.0	8.0	32	9	5	14
420.0	1.1	28.0	32.0	32	9	5	15
420.0	0.8	32.0	8.0	32	9	5	15
840.0	1.8	32.0	8.0	32	9	5	15
480.0	0.9	32.0	32.0	32	9	5	16
720.0	2.2	8.0	32.0	32	9	5	16
780.0	1.4	8.0	32.0	32	9	5	17
300.0	0.8	32.0	8.0	32	9	5	17
1500.0	4.0	33.0	28.0	32	9	5	18
1440.0	4.4	28.0	5.0	32	9	5	19
900.0	2.9	8.0	24.0	32	9	5	20
540.0	1.5	8.0	28.0	32	9	5	21
480.0	1.5	28.0	32.0	32	9	5	21
540.0	3.3	32.0	24.0	32	9	5	22
480.0	1.4	8.0	28.0	32	9	5	22
900.0	7.4	28.0	16.0	32	9	5	22
240.0	0.5	8.0	8.0	32	9	5	23
240.0	0.8	32.0	32.0	32	10	5	14
720.0	2.0	28.0	32.0	32	10	5	15
1440.0	2.9	32.0	24.0	32	10	5	15
720.0	1.7	28.0	8.0	32	10	5	16
840.0	1.8	32.0	8.0	32	10	5	16
600.0	1.5	8.0	28.0	32	10	5	17
360.0	0.8	32.0	28.0	32	10	5	18
780.0	1.7	28.0	28.0	32	10	5	18
540.0	1.4	28.0	8.0	32	10	5	19
480.0	1.2	8.0	28.0	32	10	5	19
660.0	1.8	28.0	8.0	32	10	5	20
240.0	0.7	8.0	8.0	32	10	5	20
300.0	0.5	8.0	8.0	32	10	5	21
780.0	6.7	8.0	39.0	32	10	5	21
1440.0	3.1	33.0	33.0	32	11	5	16
960.0	1.4	33.0	32.0	32	11	5	16
780.0	2.1	28.0	8.0	32	11	5	17
1020.0	1.9	28.0	8.0	32	11	5	18
1080.0	2.3	8.0	28.0	32	11	5	19
180.0	0.8	28.0	28.0	32	11	5	19
180.0	0.5	28.0	28.0	32	11	5	20
1200.0	3.7	28.0	7.0	32	11	5	20
1020.0	5.5	28.0	6.0	32	12	5	17
1200.0	4.4	8.0	28.0	32	12	5	17
540.0	1.5	28.0	32.0	32	12	5	18
300.0	1.3	32.0	28.0	32	12	5	18
300.0	0.9	32.0	32.0	32	12	5	19
660.0	2.3	32.0	33.0	32	12	5	19
900.0	2.6	28.0	33.0	32	12	5	20
420.0	1.9	28.0	33.0	32	12	5	21
480.0	1.8	8.0	28.0	32	13	5	16
480.0	1.1	28.0	32.0	32	13	5	17
780.0	1.6	28.0	32.0	32	13	5	17
1380.0	2.1	32.0	28.0	32	13	5	18
420.0	1.2	28.0	32.0	32	13	5	19
360.0	1.0	8.0	8.0	32	13	5	20
420.0	1.1	8.0	8.0	32	13	5	20
1020.0	7.6	8.0	41.0	32	13	5	20
300.0	0.7	8.0	8.0	32	13	5	20
420.0	1.1	32.0	8.0	32	14	5	17
540.0	0.8	8.0	8.0	32	14	5	17
240.0	0.7	8.0	8.0	32	14	5	17
1200.0	1.4	8.0	32.0	32	14	5	18
1440.0	3.4	32.0	31.0	32	14	5	18
840.0	5.6	32.0	6.0	32	14	5	20
600.0	4.7	8.0	3.0	32	14	5	20
420.0	1.6	8.0	28.0	32	14	5	21
720.0	1.9	28.0	8.0	32	14	5	21
1140.0	2.3	33.0	28.0	32	15	5	18
600.0	1.1	28.0	28.0	32	15	5	18
600.0	1.4	28.0	28.0	32	15	5	19
600.0	1.5	28.0	32.0	32	15	5	19
480.0	2.9	28.0	32.0	32	15	5	20
240.0	0.7	8.0	8.0	32	15	5	20
1020.0	8.6	8.0	41.0	32	15	5	20
1620.0	18.8	32.0	76.0	32	15	5	21
1560.0	18.3	76.0	28.0	32	15	5	23
660.0	2.1	28.0	8.0	32	16	5	16
300.0	0.7	32.0	28.0	32	16	5	16
1380.0	1.6	8.0	28.0	32	16	5	16
1140.0	3.1	28.0	7.0	32	16	5	17
1440.0	3.0	8.0	28.0	32	16	5	18
960.0	2.0	28.0	32.0	32	16	5	18
2220.0	2.0	32.0	3.0	32	16	5	19
420.0	1.3	28.0	8.0	32	16	5	20
240.0	0.6	8.0	8.0	32	16	5	21
360.0	1.0	32.0	32.0	32	16	5	21
300.0	0.7	8.0	32.0	32	16	5	21
300.0	1.2	32.0	8.0	32	16	5	21
1080.0	4.4	32.0	31.0	32	16	5	21
600.0	4.3	28.0	29.0	32	16	5	22
540.0	1.6	28.0	8.0	32	16	5	23
600.0	1.8	33.0	32.0	32	17	5	15
360.0	0.8	8.0	8.0	32	17	5	15
180.0	0.5	32.0	8.0	32	17	5	16
360.0	0.6	8.0	8.0	32	17	5	16
420.0	0.7	8.0	8.0	32	17	5	16
360.0	0.5	8.0	28.0	32	17	5	17
720.0	1.1	28.0	8.0	32	17	5	17
420.0	0.5	32.0	32.0	32	17	5	17
1500.0	4.0	28.0	6.0	32	17	5	18
600.0	1.1	8.0	8.0	32	17	5	18
300.0	0.6	8.0	32.0	32	17	5	19
360.0	1.1	32.0	32.0	32	17	5	19
600.0	3.3	32.0	24.0	32	17	5	19
660.0	1.6	8.0	8.0	32	17	5	20
780.0	2.4	8.0	32.0	32	17	5	20
540.0	1.3	32.0	32.0	32	17	5	21
180.0	0.5	32.0	8.0	32	17	5	21
3720.0	19.3	33.0	76.0	32	18	5	16
540.0	1.9	8.0	32.0	32	18	5	19
360.0	0.9	28.0	32.0	32	18	5	19
1020.0	1.3	32.0	8.0	32	18	5	19
780.0	0.6	8.0	8.0	32	18	5	20
480.0	0.9	32.0	32.0	32	18	5	20
540.0	2.6	28.0	28.0	32	18	5	20
420.0	1.6	8.0	8.0	32	18	5	21
2160.0	12.8	56.0	8.0	32	19	5	17
1980.0	17.5	8.0	76.0	32	19	5	18
240.0	1.4	76.0	76.0	32	19	5	19
1740.0	17.2	76.0	8.0	32	19	5	20
180.0	0.7	8.0	8.0	32	19	5	21
300.0	0.6	8.0	8.0	32	19	5	21
660.0	4.1	32.0	24.0	32	19	5	22
240.0	1.0	8.0	32.0	32	19	5	22
480.0	1.7	24.0	24.0	32	19	5	22
300.0	1.1	24.0	8.0	32	19	5	23
420.0	1.1	8.0	8.0	32	19	5	23
720.0	3.1	8.0	33.0	32	19	5	23
900.0	2.6	33.0	32.0	32	20	5	14
600.0	2.1	32.0	33.0	32	20	5	14
360.0	1.2	32.0	28.0	32	20	5	15
480.0	1.2	32.0	28.0	32	20	5	16
540.0	1.7	28.0	8.0	32	20	5	16
300.0	0.8	8.0	32.0	32	20	5	16
300.0	0.9	28.0	32.0	32	20	5	17
780.0	3.2	33.0	33.0	32	20	5	17
2580.0	8.9	33.0	5.0	32	20	5	18
1020.0	9.9	8.0	69.0	32	20	5	19
1020.0	3.1	33.0	8.0	32	20	5	20
300.0	0.7	8.0	8.0	32	20	5	21
360.0	0.6	32.0	32.0	32	20	5	21
180.0	0.8	8.0	32.0	32	20	5	21
180.0	0.5	32.0	32.0	32	20	5	22
540.0	1.1	28.0	8.0	32	21	5	13
420.0	1.1	32.0	32.0	32	21	5	14
1380.0	3.9	24.0	32.0	32	21	5	14
2940.0	13.9	32.0	56.0	32	21	5	15
3360.0	12.4	56.0	28.0	32	21	5	17
540.0	1.3	28.0	32.0	32	21	5	19
360.0	0.8	28.0	28.0	32	21	5	19
240.0	0.6	32.0	28.0	32	21	5	19
360.0	0.9	28.0	8.0	32	21	5	19
900.0	2.3	32.0	8.0	32	21	5	19
1080.0	8.0	8.0	16.0	32	21	5	20
360.0	1.0	28.0	32.0	32	21	5	21
300.0	0.9	8.0	32.0	32	21	5	21
660.0	1.2	33.0	32.0	32	22	5	18
720.0	1.1	32.0	32.0	32	22	5	18
660.0	1.8	32.0	28.0	32	22	5	18
660.0	1.6	28.0	28.0	32	22	5	19
2280.0	17.5	28.0	76.0	32	22	5	19
420.0	0.6	28.0	28.0	32	22	5	19
2100.0	18.2	76.0	32.0	32	22	5	21
360.0	0.9	32.0	32.0	32	22	5	22
420.0	3.6	28.0	22.0	32	22	5	22
660.0	3.5	32.0	24.0	32	22	5	23
180.0	0.9	24.0	24.0	32	22	5	23
540.0	2.0	28.0	32.0	32	23	5	0
900.0	1.9	33.0	32.0	32	23	5	17
1080.0	3.4	32.0	7.0	32	23	5	17
1080.0	1.8	32.0	8.0	32	23	5	20
1140.0	2.6	8.0	33.0	32	23	5	20
2280.0	11.3	32.0	4.0	32	23	5	21
660.0	3.6	6.0	8.0	32	23	5	22
180.0	0.7	32.0	8.0	32	23	5	22
900.0	7.5	32.0	41.0	32	23	5	23
780.0	1.8	33.0	32.0	32	24	5	15
540.0	1.4	32.0	8.0	32	24	5	16
360.0	0.5	8.0	8.0	32	24	5	16
480.0	1.2	8.0	32.0	32	24	5	16
180.0	0.5	32.0	32.0	32	24	5	17
660.0	1.2	32.0	28.0	32	24	5	17
1020.0	2.3	28.0	8.0	32	24	5	17
900.0	2.0	32.0	8.0	32	24	5	18
1140.0	8.5	32.0	41.0	32	24	5	19
420.0	1.2	28.0	8.0	32	24	5	20
540.0	1.4	8.0	32.0	32	24	5	21
300.0	0.7	28.0	28.0	32	24	5	21
720.0	2.7	28.0	7.0	32	24	5	22
300.0	0.7	8.0	8.0	32	24	5	22
300.0	0.8	8.0	8.0	32	24	5	23
660.0	5.1	8.0	3.0	32	24	5	23
540.0	1.4	28.0	8.0	32	25	5	16
540.0	2.8	28.0	24.0	32	25	5	17
540.0	1.3	28.0	32.0	32	25	5	19
600.0	1.1	32.0	8.0	32	25	5	19
240.0	0.7	8.0	8.0	32	25	5	20
480.0	1.9	32.0	8.0	32	25	5	20
600.0	2.7	8.0	32.0	32	25	5	20
1080.0	4.6	8.0	24.0	32	25	5	21
660.0	1.5	24.0	32.0	32	25	5	21
540.0	1.1	8.0	8.0	32	25	5	22
240.0	0.7	32.0	8.0	32	25	5	22
360.0	1.0	8.0	8.0	32	25	5	22
480.0	1.3	32.0	8.0	32	25	5	23
660.0	1.2	8.0	8.0	32	25	5	23
660.0	1.3	8.0	32.0	32	25	5	23
540.0	1.1	32.0	8.0	32	26	5	0
240.0	0.6	8.0	8.0	32	26	5	0
480.0	1.3	8.0	8.0	32	26	5	0
600.0	1.7	33.0	32.0	32	26	5	16
840.0	2.2	28.0	8.0	32	26	5	16
540.0	0.9	8.0	8.0	32	26	5	17
660.0	5.2	8.0	6.0	32	26	5	17
1200.0	2.5	33.0	8.0	32	28	5	17
540.0	1.1	28.0	32.0	32	28	5	18
420.0	1.0	28.0	32.0	32	28	5	19
780.0	2.1	32.0	8.0	32	28	5	19
660.0	1.4	8.0	32.0	32	28	5	20
780.0	2.0	8.0	28.0	32	28	5	21
720.0	2.3	28.0	8.0	32	28	5	21
840.0	4.9	8.0	6.0	32	28	5	21
1620.0	11.1	28.0	2.0	32	28	5	22
660.0	1.3	32.0	8.0	32	29	5	18
720.0	1.3	8.0	32.0	32	29	5	18
1260.0	1.7	32.0	24.0	32	29	5	18
420.0	0.9	28.0	28.0	32	29	5	19
540.0	5.1	28.0	22.0	32	29	5	20
240.0	0.9	32.0	8.0	32	29	5	21
540.0	1.5	8.0	8.0	32	29	5	22
300.0	0.9	32.0	8.0	32	29	5	22
660.0	4.2	32.0	7.0	32	29	5	22
540.0	1.2	32.0	8.0	32	30	5	15
660.0	1.5	8.0	32.0	32	30	5	15
480.0	0.6	8.0	8.0	32	30	5	15
360.0	0.8	28.0	32.0	32	30	5	16
300.0	0.5	8.0	28.0	32	30	5	16
780.0	2.2	8.0	28.0	32	30	5	17
900.0	1.9	28.0	28.0	32	30	5	17
900.0	1.7	28.0	8.0	32	30	5	18
540.0	0.5	8.0	32.0	32	30	5	18
1560.0	2.2	32.0	7.0	32	30	5	18
600.0	0.7	8.0	8.0	32	30	5	19
420.0	3.1	8.0	7.0	32	30	5	20
360.0	1.0	8.0	8.0	32	30	5	20
540.0	1.9	8.0	33.0	32	30	5	21
900.0	5.3	28.0	6.0	32	30	5	21
660.0	2.7	32.0	28.0	32	30	5	22
780.0	2.2	28.0	8.0	32	30	5	22
540.0	3.4	8.0	6.0	32	30	5	23
600.0	2.9	32.0	28.0	32	31	5	0
2640.0	12.8	56.0	8.0	32	31	5	15
1200.0	4.2	28.0	35.0	32	31	5	17
1320.0	3.2	33.0	8.0	32	31	5	17
900.0	3.4	8.0	28.0	32	31	5	17
120.0	0.6	28.0	8.0	32	31	5	18
360.0	1.4	28.0	8.0	32	31	5	19
240.0	0.7	32.0	28.0	32	31	5	19
660.0	1.3	28.0	8.0	32	31	5	19
900.0	2.9	8.0	24.0	32	31	5	19
600.0	1.7	8.0	8.0	32	31	5	20
360.0	0.9	8.0	8.0	32	31	5	21
900.0	2.9	8.0	33.0	32	31	5	22
300.0	1.3	33.0	33.0	32	31	5	22
1380.0	3.0	8.0	33.0	32	1	6	16
360.0	1.1	33.0	33.0	32	1	6	16
2760.0	20.2	33.0	76.0	32	1	6	17
480.0	1.0	32.0	32.0	32	1	6	19
660.0	1.5	32.0	8.0	32	1	6	19
660.0	2.0	8.0	7.0	32	1	6	20
1020.0	2.1	8.0	32.0	32	1	6	20
720.0	2.1	8.0	28.0	32	1	6	21
720.0	1.9	28.0	8.0	32	1	6	21
900.0	2.5	33.0	8.0	32	2	6	15
540.0	1.6	28.0	32.0	32	2	6	16
660.0	2.1	28.0	8.0	32	2	6	17
900.0	3.8	8.0	35.0	32	2	6	19
660.0	1.6	28.0	8.0	32	2	6	19
660.0	1.8	33.0	32.0	32	2	6	19
600.0	1.6	32.0	8.0	32	2	6	19
300.0	0.7	32.0	8.0	32	3	6	12
420.0	1.3	8.0	32.0	32	3	6	12
3120.0	20.7	33.0	76.0	32	3	6	13
3180.0	18.0	76.0	8.0	32	3	6	16
900.0	1.5	32.0	28.0	32	3	6	17
780.0	1.6	28.0	8.0	32	3	6	18
360.0	1.1	32.0	32.0	32	3	6	19
660.0	1.8	32.0	8.0	32	3	6	19
900.0	3.4	8.0	7.0	32	3	6	19
420.0	2.9	8.0	6.0	32	3	6	20
300.0	1.0	6.0	7.0	32	3	6	20
660.0	2.3	7.0	8.0	32	3	6	20
780.0	2.6	8.0	28.0	32	3	6	20
420.0	0.9	32.0	8.0	32	5	6	16
660.0	2.4	33.0	32.0	32	5	6	16
540.0	1.1	32.0	32.0	32	5	6	16
840.0	1.9	28.0	8.0	32	5	6	17
360.0	0.9	32.0	28.0	32	5	6	17
540.0	1.1	28.0	8.0	32	5	6	18
600.0	1.2	8.0	32.0	32	5	6	18
420.0	1.1	32.0	32.0	32	5	6	18
600.0	1.1	28.0	8.0	32	5	6	18
2220.0	11.2	8.0	12.0	32	5	6	19
2940.0	16.7	76.0	28.0	32	5	6	20
1740.0	18.4	76.0	32.0	32	5	6	23
1140.0	2.2	33.0	32.0	32	6	6	18
1260.0	1.4	32.0	28.0	32	6	6	18
780.0	0.9	28.0	24.0	32	6	6	19
600.0	1.1	28.0	8.0	32	6	6	19
480.0	0.7	8.0	8.0	32	6	6	19
780.0	1.6	8.0	32.0	32	6	6	19
480.0	1.0	8.0	8.0	32	6	6	20
420.0	1.0	32.0	8.0	32	6	6	20
600.0	3.5	8.0	24.0	32	6	6	20
240.0	0.9	24.0	8.0	32	6	6	21
420.0	0.8	8.0	8.0	32	6	6	21
420.0	1.5	8.0	32.0	32	6	6	21
660.0	1.5	32.0	28.0	32	6	6	22
300.0	0.8	28.0	32.0	32	6	6	22
600.0	1.3	32.0	28.0	32	6	6	22
1020.0	5.9	28.0	6.0	32	6	6	23
840.0	5.2	8.0	22.0	32	6	6	23
540.0	1.7	28.0	8.0	32	7	6	0
900.0	2.5	33.0	8.0	32	7	6	15
540.0	1.1	32.0	32.0	32	7	6	15
240.0	0.8	28.0	32.0	32	7	6	16
720.0	1.4	32.0	28.0	32	7	6	16
900.0	1.4	28.0	28.0	32	7	6	17
900.0	1.6	28.0	8.0	32	7	6	17
480.0	1.0	28.0	8.0	32	7	6	18
360.0	1.0	32.0	8.0	32	7	6	19
1020.0	2.7	32.0	7.0	32	7	6	19
780.0	1.8	8.0	8.0	32	7	6	20
480.0	1.6	8.0	32.0	32	7	6	20
720.0	1.7	32.0	8.0	32	7	6	21
300.0	0.6	8.0	8.0	32	7	6	21
1200.0	4.8	8.0	7.0	32	7	6	21
720.0	3.1	7.0	8.0	32	7	6	22
1500.0	6.6	8.0	6.0	32	7	6	23
480.0	0.9	8.0	8.0	32	8	6	17
300.0	0.5	32.0	8.0	32	8	6	17
1260.0	4.5	8.0	6.0	32	8	6	18
240.0	0.7	8.0	32.0	32	8	6	19
420.0	0.5	8.0	32.0	32	8	6	22
780.0	2.5	28.0	7.0	32	8	6	22
840.0	2.2	7.0	24.0	32	8	6	23
120.0	0.5	8.0	8.0	32	8	6	23
420.0	1.3	28.0	32.0	32	8	6	23
360.0	1.2	32.0	28.0	32	9	6	0
900.0	5.5	33.0	61.0	32	9	6	17
300.0	1.4	33.0	33.0	32	9	6	18
780.0	2.3	32.0	8.0	32	9	6	18
360.0	1.0	32.0	8.0	32	9	6	19
540.0	1.6	8.0	32.0	32	9	6	19
540.0	1.4	32.0	8.0	32	9	6	19
360.0	1.4	32.0	32.0	32	9	6	19
840.0	5.0	33.0	24.0	32	9	6	20
660.0	1.7	28.0	8.0	32	9	6	20
480.0	0.7	8.0	8.0	32	9	6	21
420.0	2.7	28.0	24.0	32	9	6	22
2940.0	15.6	24.0	76.0	32	9	6	23
1500.0	17.4	76.0	8.0	32	10	6	0
660.0	5.4	28.0	60.0	32	10	6	1
660.0	1.6	32.0	8.0	32	10	6	15
720.0	2.0	8.0	28.0	32	10	6	15
240.0	0.8	28.0	28.0	32	10	6	16
240.0	0.5	28.0	32.0	32	10	6	16
180.0	0.8	8.0	8.0	32	10	6	17
720.0	1.2	28.0	8.0	32	10	6	17
420.0	1.1	8.0	28.0	32	10	6	18
540.0	1.1	28.0	24.0	32	10	6	18
960.0	2.0	28.0	8.0	32	10	6	18
720.0	1.6	8.0	28.0	32	10	6	19
480.0	2.2	28.0	28.0	32	10	6	19
960.0	5.1	28.0	7.0	32	10	6	19
300.0	0.7	8.0	8.0	32	10	6	20
480.0	1.4	8.0	8.0	32	10	6	21
840.0	2.7	8.0	28.0	32	10	6	21
660.0	2.0	32.0	24.0	32	10	6	22
420.0	1.8	28.0	32.0	32	10	6	23
660.0	1.3	8.0	28.0	32	11	6	17
4140.0	17.8	32.0	76.0	32	11	6	17
540.0	1.8	33.0	8.0	32	12	6	16
300.0	1.1	8.0	8.0	32	12	6	16
2280.0	3.3	8.0	28.0	32	12	6	17
2760.0	10.7	28.0	56.0	32	12	6	17
1440.0	11.0	56.0	28.0	32	12	6	19
840.0	2.5	28.0	32.0	32	12	6	20
300.0	0.8	32.0	32.0	32	12	6	20
240.0	0.9	32.0	32.0	32	12	6	20
360.0	1.1	32.0	32.0	32	12	6	21
660.0	2.0	8.0	32.0	32	12	6	21
600.0	2.7	32.0	24.0	32	12	6	21
420.0	0.9	8.0	8.0	32	12	6	22
600.0	1.8	8.0	8.0	32	12	6	22
180.0	0.5	8.0	8.0	32	12	6	22
660.0	2.1	32.0	8.0	32	12	6	23
480.0	1.1	8.0	8.0	32	12	6	23
1200.0	7.1	33.0	6.0	32	13	6	15
540.0	1.1	8.0	32.0	32	13	6	16
360.0	1.0	32.0	8.0	32	13	6	16
600.0	2.2	8.0	32.0	32	13	6	16
240.0	0.5	32.0	32.0	32	13	6	17
300.0	0.8	32.0	28.0	32	13	6	17
420.0	1.0	28.0	8.0	32	13	6	17
1080.0	0.8	8.0	32.0	32	13	6	18
540.0	1.2	32.0	28.0	32	13	6	18
420.0	1.3	28.0	28.0	32	13	6	19
600.0	1.4	28.0	8.0	32	13	6	19
420.0	0.9	32.0	8.0	32	13	6	20
600.0	1.4	8.0	32.0	32	13	6	20
360.0	0.7	8.0	8.0	32	13	6	21
720.0	3.0	8.0	7.0	32	13	6	21
660.0	2.3	32.0	8.0	32	13	6	22
960.0	2.1	33.0	32.0	32	14	6	16
780.0	1.2	32.0	8.0	32	14	6	16
840.0	1.7	8.0	32.0	32	14	6	16
540.0	1.1	32.0	28.0	32	14	6	17
540.0	1.5	28.0	24.0	32	14	6	17
720.0	1.6	8.0	32.0	32	14	6	17
480.0	1.2	32.0	8.0	32	14	6	18
840.0	1.6	8.0	28.0	32	14	6	18
660.0	1.4	8.0	8.0	32	14	6	18
840.0	2.0	8.0	28.0	32	14	6	19
1140.0	3.3	28.0	7.0	32	14	6	19
360.0	1.4	8.0	8.0	32	14	6	20
960.0	2.7	8.0	8.0	32	14	6	20
300.0	0.8	8.0	32.0	32	14	6	21
420.0	1.2	28.0	32.0	32	14	6	22
1140.0	5.2	32.0	7.0	32	14	6	22
300.0	0.8	32.0	8.0	32	14	6	23
720.0	1.9	8.0	28.0	32	14	6	23
480.0	1.2	28.0	32.0	32	16	6	13
660.0	1.8	28.0	8.0	32	16	6	14
300.0	0.8	8.0	32.0	32	16	6	14
4680.0	18.2	32.0	76.0	32	16	6	15
2220.0	17.9	76.0	32.0	32	16	6	18
600.0	1.3	33.0	32.0	32	17	6	16
660.0	0.9	32.0	8.0	32	17	6	18
1020.0	3.4	32.0	24.0	32	17	6	19
2640.0	9.0	24.0	77.0	32	17	6	19
300.0	2.5	8.0	8.0	32	17	6	22
120.0	0.7	8.0	8.0	32	17	6	22
720.0	0.9	32.0	8.0	32	18	6	17
600.0	1.5	8.0	32.0	32	18	6	18
720.0	1.3	32.0	8.0	32	18	6	18
960.0	1.7	8.0	28.0	32	18	6	18
600.0	1.2	28.0	8.0	32	18	6	19
420.0	1.1	8.0	32.0	32	18	6	19
480.0	1.5	8.0	32.0	32	18	6	19
480.0	1.8	8.0	32.0	32	18	6	20
720.0	1.9	28.0	8.0	32	18	6	21
420.0	1.3	32.0	32.0	32	18	6	21
360.0	1.2	28.0	32.0	32	18	6	22
660.0	1.9	33.0	32.0	32	19	6	17
360.0	0.6	32.0	8.0	32	19	6	17
420.0	0.9	8.0	32.0	32	19	6	17
420.0	0.9	8.0	32.0	32	19	6	17
1020.0	1.8	32.0	8.0	32	19	6	18
1320.0	2.9	8.0	7.0	32	19	6	18
1080.0	3.7	28.0	22.0	32	19	6	19
1080.0	6.5	28.0	6.0	32	19	6	20
600.0	1.7	8.0	28.0	32	19	6	21
480.0	1.9	28.0	8.0	32	19	6	21
240.0	0.8	8.0	8.0	32	19	6	22
300.0	0.7	8.0	8.0	32	19	6	22
180.0	0.7	8.0	32.0	32	19	6	22
1320.0	9.0	28.0	5.0	32	19	6	22
1680.0	5.4	6.0	8.0	32	19	6	23
720.0	4.7	8.0	6.0	32	20	6	0
1260.0	6.0	6.0	8.0	32	20	6	0
1680.0	6.5	28.0	16.0	32	20	6	16
480.0	2.7	8.0	7.0	32	20	6	17
1860.0	4.5	8.0	7.0	32	20	6	18
2820.0	17.8	8.0	76.0	32	20	6	19
240.0	0.7	32.0	32.0	32	20	6	22
720.0	2.7	8.0	24.0	32	20	6	23
3300.0	23.6	76.0	41.0	32	21	6	14
240.0	1.1	33.0	32.0	32	21	6	15
240.0	0.6	8.0	32.0	32	21	6	16
480.0	0.9	32.0	8.0	32	21	6	16
540.0	0.8	8.0	32.0	32	21	6	16
720.0	1.4	32.0	28.0	32	21	6	16
1020.0	2.2	28.0	8.0	32	21	6	17
900.0	1.8	8.0	28.0	32	21	6	17
660.0	1.4	28.0	24.0	32	21	6	18
600.0	1.1	8.0	8.0	32	21	6	18
300.0	0.8	32.0	8.0	32	21	6	18
720.0	2.5	8.0	24.0	32	21	6	19
780.0	4.9	8.0	28.0	32	21	6	20
300.0	1.0	28.0	32.0	32	21	6	21
420.0	1.7	32.0	33.0	32	21	6	21
1200.0	3.7	33.0	8.0	32	21	6	21
900.0	7.9	32.0	25.0	32	21	6	22
360.0	1.2	32.0	8.0	32	22	6	17
1320.0	4.4	32.0	24.0	32	22	6	18
600.0	0.8	8.0	32.0	32	22	6	20
420.0	1.1	32.0	8.0	32	22	6	20
600.0	1.1	8.0	8.0	32	22	6	20
360.0	0.8	8.0	32.0	32	22	6	20
420.0	0.9	32.0	8.0	32	22	6	21
300.0	0.9	8.0	32.0	32	22	6	21
660.0	1.4	32.0	8.0	32	22	6	22
480.0	0.8	8.0	8.0	32	22	6	22
720.0	1.6	8.0	32.0	32	22	6	23
720.0	2.7	32.0	24.0	32	22	6	23
720.0	1.5	28.0	8.0	32	22	6	23
900.0	3.0	8.0	33.0	32	22	6	23
1440.0	4.3	33.0	8.0	32	23	6	18
900.0	2.3	28.0	8.0	32	23	6	19
300.0	0.7	8.0	8.0	32	23	6	20
1380.0	9.8	32.0	4.0	32	23	6	20
480.0	1.1	6.0	6.0	32	23	6	21
300.0	1.0	32.0	32.0	32	23	6	22
1500.0	2.8	32.0	24.0	32	24	6	18
1260.0	3.5	28.0	7.0	32	24	6	19
600.0	4.4	8.0	3.0	32	24	6	20
660.0	3.2	8.0	7.0	32	24	6	21
300.0	1.5	7.0	7.0	32	24	6	21
300.0	1.0	8.0	8.0	32	24	6	21
1080.0	6.6	8.0	6.0	32	24	6	21
480.0	1.7	6.0	7.0	32	24	6	22
660.0	4.1	6.0	8.0	32	24	6	22
360.0	1.0	8.0	32.0	32	24	6	23
840.0	2.4	32.0	8.0	32	24	6	23
180.0	0.8	33.0	33.0	32	25	6	16
2580.0	9.8	33.0	56.0	32	25	6	17
1920.0	10.3	56.0	35.0	32	25	6	19
1920.0	2.7	33.0	32.0	32	25	6	19
900.0	7.0	32.0	41.0	32	25	6	20
540.0	2.9	39.0	35.0	32	25	6	20
1140.0	6.5	33.0	7.0	32	25	6	21
720.0	2.2	8.0	32.0	32	25	6	23
480.0	1.1	32.0	32.0	32	25	6	23
780.0	1.9	33.0	32.0	32	26	6	17
660.0	0.9	28.0	32.0	32	26	6	18
540.0	1.0	32.0	28.0	32	26	6	18
720.0	1.2	32.0	8.0	32	26	6	18
1500.0	2.5	8.0	28.0	32	26	6	18
1020.0	3.6	32.0	24.0	32	26	6	19
480.0	1.0	32.0	32.0	32	26	6	19
300.0	0.8	28.0	8.0	32	26	6	20
300.0	0.7	8.0	8.0	32	26	6	21
600.0	3.9	8.0	6.0	32	26	6	21
360.0	1.3	6.0	6.0	32	26	6	22
1140.0	4.7	8.0	24.0	32	26	6	22
1020.0	2.5	33.0	8.0	32	27	6	17
540.0	1.4	8.0	8.0	32	27	6	17
360.0	0.8	32.0	32.0	32	27	6	18
600.0	1.3	28.0	8.0	32	27	6	18
420.0	1.0	8.0	32.0	32	27	6	18
840.0	1.1	32.0	8.0	32	27	6	18
600.0	1.7	32.0	28.0	32	27	6	19
600.0	1.6	32.0	8.0	32	27	6	19
240.0	0.6	8.0	8.0	32	27	6	19
420.0	1.2	8.0	8.0	32	27	6	20
840.0	2.6	7.0	32.0	32	27	6	20
420.0	0.8	32.0	8.0	32	27	6	20
720.0	1.6	32.0	33.0	32	27	6	21
540.0	1.4	32.0	8.0	32	27	6	21
480.0	2.0	32.0	33.0	32	27	6	21
720.0	2.7	32.0	7.0	32	27	6	22
420.0	1.3	33.0	32.0	32	27	6	22
300.0	0.9	8.0	7.0	32	27	6	22
1080.0	3.3	8.0	32.0	32	27	6	23
2460.0	12.8	56.0	8.0	32	28	6	16
480.0	0.9	32.0	32.0	32	28	6	17
780.0	1.8	28.0	33.0	32	28	6	17
540.0	0.8	32.0	8.0	32	28	6	18
540.0	0.6	32.0	28.0	32	28	6	18
360.0	0.9	8.0	8.0	32	28	6	19
540.0	1.1	8.0	32.0	32	28	6	19
360.0	1.3	32.0	28.0	32	28	6	20
780.0	3.0	28.0	33.0	32	28	6	20
900.0	2.2	28.0	8.0	32	28	6	21
780.0	1.9	32.0	8.0	32	28	6	22
540.0	1.0	8.0	8.0	32	28	6	22
780.0	3.7	28.0	22.0	32	28	6	23
180.0	0.5	24.0	28.0	32	29	6	0
1020.0	2.9	28.0	8.0	32	29	6	0
1020.0	2.6	8.0	24.0	32	29	6	18
420.0	0.8	8.0	8.0	32	29	6	19
840.0	2.1	8.0	7.0	32	29	6	19
780.0	2.1	8.0	7.0	32	29	6	20
240.0	0.9	8.0	32.0	32	29	6	20
780.0	2.0	28.0	8.0	32	29	6	22
660.0	1.2	8.0	8.0	32	29	6	23
420.0	0.8	8.0	8.0	32	29	6	23
420.0	0.9	8.0	8.0	32	30	6	0
1260.0	8.5	32.0	5.0	32	30	6	0
240.0	1.8	6.0	6.0	32	30	6	1
900.0	2.6	33.0	28.0	32	30	6	16
540.0	2.6	28.0	60.0	32	30	6	17
660.0	2.0	28.0	8.0	32	30	6	17
540.0	1.3	8.0	8.0	32	30	6	18
960.0	5.9	28.0	6.0	32	30	6	19
900.0	3.9	6.0	8.0	32	30	6	20
1680.0	6.7	6.0	28.0	32	30	6	20
720.0	2.1	33.0	32.0	32	1	7	16
720.0	2.7	32.0	60.0	32	1	7	16
420.0	1.3	8.0	28.0	32	1	7	18
840.0	1.9	28.0	8.0	32	1	7	18
900.0	4.0	8.0	31.0	32	1	7	19
720.0	2.0	32.0	8.0	32	1	7	21
420.0	1.4	8.0	8.0	32	1	7	21
300.0	0.8	8.0	8.0	32	1	7	21
540.0	1.6	8.0	28.0	32	1	7	22
420.0	1.0	8.0	8.0	32	1	7	22
480.0	0.8	8.0	32.0	32	2	7	16
600.0	2.0	28.0	32.0	32	2	7	17
960.0	3.6	8.0	7.0	32	2	7	17
1080.0	2.2	8.0	32.0	32	2	7	18
300.0	1.0	28.0	32.0	32	2	7	19
540.0	1.2	32.0	8.0	32	2	7	19
240.0	0.7	32.0	32.0	32	2	7	19
360.0	0.9	8.0	8.0	32	2	7	19
240.0	0.5	8.0	8.0	32	2	7	20
300.0	0.7	8.0	32.0	32	2	7	20
600.0	2.2	32.0	28.0	32	2	7	20
540.0	2.0	28.0	28.0	32	2	7	21
840.0	2.7	28.0	8.0	32	2	7	21
540.0	1.8	8.0	7.0	32	2	7	22
420.0	1.3	28.0	8.0	32	2	7	23
660.0	5.7	32.0	6.0	32	2	7	23
1080.0	2.3	28.0	8.0	32	3	7	18
660.0	1.3	8.0	32.0	32	3	7	19
780.0	1.9	8.0	28.0	32	3	7	19
60.0	1.9	32.0	32.0	32	3	7	20
720.0	5.9	33.0	41.0	32	4	7	16
840.0	6.9	41.0	32.0	32	4	7	17
720.0	1.4	8.0	8.0	32	4	7	17
1020.0	7.8	8.0	21.0	32	4	7	18
720.0	1.3	8.0	32.0	32	4	7	19
480.0	1.3	32.0	32.0	32	4	7	20
900.0	1.7	32.0	8.0	32	4	7	20
1380.0	8.3	32.0	77.0	32	4	7	21
780.0	7.3	3.0	8.0	32	4	7	22
360.0	0.8	8.0	8.0	32	4	7	22
780.0	3.2	8.0	28.0	32	4	7	23
1140.0	1.7	28.0	8.0	32	5	7	18
300.0	0.6	8.0	8.0	32	5	7	19
300.0	0.6	32.0	8.0	32	5	7	20
240.0	0.7	32.0	8.0	32	5	7	21
900.0	2.3	28.0	8.0	32	6	7	17
1800.0	6.1	8.0	28.0	32	6	7	18
840.0	7.7	28.0	30.0	32	6	7	19
300.0	0.6	8.0	8.0	32	6	7	21
300.0	0.7	8.0	8.0	32	6	7	21
180.0	0.5	8.0	8.0	32	6	7	21
900.0	2.1	28.0	8.0	32	6	7	22
360.0	0.7	32.0	32.0	32	6	7	23
300.0	0.8	32.0	32.0	32	6	7	23
660.0	3.2	8.0	7.0	32	7	7	0
540.0	1.4	32.0	8.0	32	7	7	0
780.0	8.0	32.0	69.0	32	7	7	1
4260.0	17.5	56.0	7.0	32	7	7	18
240.0	0.6	8.0	8.0	32	7	7	19
540.0	1.0	8.0	32.0	32	7	7	19
1440.0	9.4	28.0	4.0	32	7	7	23
960.0	3.1	5.0	6.0	32	7	7	23
1200.0	7.6	33.0	22.0	32	8	7	0
1860.0	2.5	33.0	8.0	32	8	7	18
900.0	8.2	28.0	41.0	32	8	7	19
540.0	1.6	32.0	28.0	32	8	7	21
360.0	1.7	32.0	8.0	32	8	7	22
900.0	2.8	33.0	8.0	32	9	7	17
1200.0	5.2	8.0	6.0	32	9	7	17
960.0	2.8	32.0	24.0	32	9	7	19
660.0	1.2	28.0	8.0	32	9	7	19
300.0	1.1	32.0	28.0	32	9	7	20
840.0	5.1	8.0	6.0	32	9	7	21
660.0	4.6	6.0	8.0	32	9	7	21
960.0	5.2	32.0	6.0	32	9	7	22
600.0	2.1	8.0	33.0	32	9	7	23
900.0	2.8	33.0	8.0	32	10	7	14
360.0	1.0	32.0	28.0	32	10	7	15
300.0	0.8	28.0	32.0	32	10	7	16
540.0	1.7	8.0	7.0	32	10	7	17
600.0	1.0	32.0	28.0	32	10	7	18
960.0	1.4	28.0	8.0	32	10	7	18
720.0	1.3	8.0	28.0	32	10	7	18
480.0	1.1	28.0	28.0	32	10	7	19
480.0	1.0	32.0	8.0	32	10	7	20
960.0	3.1	8.0	7.0	32	10	7	20
420.0	1.4	7.0	7.0	32	10	7	20
300.0	0.7	8.0	8.0	32	10	7	21
240.0	0.6	8.0	32.0	32	10	7	21
480.0	1.1	32.0	8.0	32	10	7	21
660.0	2.1	8.0	32.0	32	10	7	22
840.0	5.1	32.0	22.0	32	10	7	22
660.0	2.2	33.0	8.0	32	11	7	16
660.0	1.5	8.0	32.0	32	11	7	17
1440.0	1.0	32.0	8.0	32	11	7	17
360.0	0.8	32.0	8.0	32	11	7	18
1260.0	5.0	32.0	6.0	32	11	7	18
1440.0	3.6	8.0	7.0	32	11	7	19
540.0	1.0	8.0	8.0	32	11	7	20
540.0	1.6	28.0	8.0	32	11	7	20
1140.0	8.7	8.0	1.0	32	11	7	21
360.0	1.0	8.0	32.0	32	11	7	21
540.0	1.2	28.0	28.0	32	11	7	22
660.0	2.0	28.0	8.0	32	11	7	22
660.0	1.4	8.0	8.0	32	11	7	23
360.0	1.1	8.0	8.0	32	11	7	23
240.0	0.8	32.0	32.0	32	11	7	23
840.0	1.9	33.0	33.0	32	12	7	15
5340.0	20.0	33.0	76.0	32	12	7	16
2040.0	18.1	76.0	8.0	32	12	7	20
720.0	2.6	32.0	34.0	32	12	7	21
1260.0	2.3	32.0	8.0	32	12	7	22
960.0	2.4	24.0	8.0	32	13	7	20
540.0	0.8	32.0	32.0	32	13	7	20
540.0	1.6	32.0	33.0	32	13	7	20
660.0	1.6	32.0	8.0	32	13	7	21
300.0	0.7	32.0	8.0	32	13	7	21
300.0	0.5	8.0	32.0	32	13	7	21
180.0	0.5	8.0	28.0	32	14	7	0
720.0	3.6	24.0	22.0	32	14	7	0
360.0	1.2	32.0	8.0	32	14	7	0
540.0	1.5	32.0	8.0	32	14	7	18
780.0	2.1	8.0	28.0	32	14	7	18
360.0	1.2	8.0	8.0	32	14	7	19
420.0	1.0	8.0	8.0	32	14	7	20
480.0	1.1	28.0	8.0	32	14	7	22
600.0	1.8	33.0	32.0	32	15	7	17
720.0	1.0	8.0	8.0	32	15	7	19
600.0	1.2	8.0	28.0	32	15	7	19
360.0	1.0	32.0	32.0	32	15	7	19
1440.0	6.7	32.0	6.0	32	15	7	19
1080.0	4.3	8.0	24.0	32	15	7	21
540.0	2.0	24.0	8.0	32	15	7	21
300.0	0.8	8.0	8.0	32	15	7	22
420.0	1.2	8.0	32.0	32	15	7	22
540.0	1.5	33.0	32.0	32	16	7	15
420.0	1.1	28.0	8.0	32	16	7	16
360.0	1.1	32.0	28.0	32	16	7	17
960.0	1.6	28.0	8.0	32	16	7	17
900.0	1.4	8.0	32.0	32	16	7	18
420.0	0.8	32.0	32.0	32	16	7	18
480.0	1.6	32.0	33.0	32	16	7	18
480.0	1.7	32.0	33.0	32	16	7	19
300.0	1.4	32.0	33.0	32	16	7	20
600.0	1.2	32.0	32.0	32	16	7	21
180.0	0.7	28.0	28.0	32	16	7	21
240.0	0.7	28.0	28.0	32	16	7	21
780.0	4.5	32.0	6.0	32	16	7	21
1020.0	5.8	6.0	32.0	32	16	7	22
600.0	1.5	32.0	24.0	32	16	7	22
840.0	4.8	8.0	22.0	32	16	7	23
480.0	1.8	24.0	7.0	32	16	7	23
780.0	2.2	33.0	28.0	32	17	7	16
480.0	1.1	28.0	32.0	32	17	7	17
840.0	2.4	32.0	8.0	32	17	7	17
660.0	1.7	8.0	8.0	32	17	7	17
360.0	1.0	8.0	8.0	32	17	7	18
240.0	0.6	8.0	8.0	32	17	7	18
1260.0	1.0	8.0	28.0	32	17	7	18
540.0	1.0	8.0	32.0	32	17	7	19
960.0	1.8	32.0	8.0	32	17	7	19
420.0	2.4	8.0	7.0	32	17	7	20
420.0	1.0	8.0	8.0	32	17	7	21
240.0	0.6	8.0	8.0	32	17	7	21
360.0	0.9	8.0	8.0	32	17	7	21
240.0	0.6	8.0	8.0	32	17	7	21
1380.0	8.7	28.0	6.0	32	17	7	22
540.0	1.8	8.0	32.0	32	17	7	23
660.0	1.5	33.0	32.0	32	18	7	16
780.0	1.6	28.0	8.0	32	18	7	17
1320.0	2.2	8.0	28.0	32	18	7	17
1380.0	2.1	28.0	8.0	32	18	7	18
840.0	0.5	8.0	32.0	32	18	7	18
540.0	1.4	32.0	8.0	32	18	7	19
660.0	0.8	8.0	8.0	32	18	7	19
660.0	1.4	8.0	28.0	32	18	7	19
1860.0	10.9	32.0	56.0	32	18	7	19
1740.0	13.0	56.0	8.0	32	18	7	20
900.0	2.6	28.0	7.0	32	18	7	21
420.0	1.1	8.0	8.0	32	18	7	22
180.0	0.5	8.0	32.0	32	18	7	22
360.0	1.1	32.0	8.0	32	18	7	22
840.0	1.9	8.0	28.0	32	18	7	23
480.0	1.3	32.0	32.0	32	18	7	23
660.0	2.0	33.0	32.0	32	19	7	14
1020.0	1.9	28.0	8.0	32	19	7	14
240.0	0.7	32.0	28.0	32	19	7	14
720.0	1.8	8.0	7.0	32	19	7	14
600.0	1.4	28.0	8.0	32	19	7	16
960.0	1.7	8.0	8.0	32	19	7	17
720.0	1.5	8.0	8.0	32	19	7	17
600.0	1.4	32.0	8.0	32	19	7	17
1500.0	4.9	8.0	6.0	32	19	7	18
660.0	1.9	6.0	5.0	32	19	7	19
600.0	1.5	6.0	7.0	32	19	7	19
1320.0	2.4	8.0	8.0	32	19	7	19
780.0	3.2	8.0	8.0	32	19	7	20
540.0	1.2	8.0	8.0	32	19	7	22
660.0	1.3	28.0	8.0	32	19	7	22
780.0	2.7	33.0	8.0	32	20	7	16
300.0	0.8	8.0	8.0	32	20	7	17
420.0	1.0	8.0	32.0	32	20	7	17
480.0	1.1	32.0	8.0	32	20	7	18
720.0	1.9	8.0	32.0	32	20	7	18
540.0	0.9	28.0	32.0	32	20	7	19
300.0	0.8	32.0	32.0	32	20	7	20
1320.0	5.3	28.0	7.0	32	20	7	20
480.0	0.7	32.0	32.0	32	20	7	21
480.0	1.1	8.0	8.0	32	20	7	21
660.0	2.4	28.0	8.0	32	20	7	23
420.0	1.0	8.0	8.0	32	20	7	23
240.0	1.1	8.0	8.0	32	20	7	23
2280.0	18.7	56.0	3.0	32	21	7	17
1560.0	6.0	6.0	32.0	32	21	7	18
540.0	1.7	28.0	28.0	32	21	7	18
780.0	2.8	28.0	8.0	32	21	7	19
600.0	2.5	8.0	7.0	32	21	7	19
540.0	1.6	28.0	8.0	32	21	7	21
480.0	1.5	28.0	32.0	32	21	7	21
720.0	3.0	32.0	28.0	32	21	7	22
780.0	2.3	33.0	28.0	32	22	7	18
1140.0	3.8	28.0	7.0	32	22	7	19
480.0	1.3	28.0	8.0	32	22	7	20
600.0	1.8	33.0	28.0	32	23	7	17
420.0	1.0	28.0	32.0	32	23	7	17
600.0	1.2	32.0	8.0	32	23	7	17
900.0	1.7	8.0	28.0	32	23	7	18
420.0	0.8	28.0	28.0	32	23	7	18
1140.0	5.5	28.0	22.0	32	23	7	18
240.0	0.8	28.0	32.0	32	23	7	19
300.0	0.8	32.0	32.0	32	23	7	20
240.0	0.7	32.0	32.0	32	23	7	20
840.0	6.2	28.0	6.0	32	23	7	21
600.0	1.4	28.0	32.0	32	23	7	23
480.0	1.5	32.0	8.0	32	23	7	23
240.0	0.8	8.0	8.0	32	23	7	23
720.0	2.4	33.0	8.0	32	24	7	16
840.0	2.7	28.0	7.0	32	24	7	17
960.0	1.2	8.0	32.0	32	24	7	17
840.0	1.2	28.0	32.0	32	24	7	18
480.0	0.9	32.0	8.0	32	24	7	18
960.0	2.5	8.0	32.0	32	24	7	19
540.0	1.3	32.0	8.0	32	24	7	19
720.0	2.5	8.0	7.0	32	24	7	19
1020.0	0.6	8.0	6.0	32	24	7	20
540.0	0.9	8.0	8.0	32	24	7	20
360.0	0.8	8.0	8.0	32	24	7	21
480.0	1.2	32.0	32.0	32	24	7	21
600.0	2.1	32.0	28.0	32	24	7	22
240.0	0.6	8.0	8.0	32	25	7	17
660.0	2.0	8.0	7.0	32	25	7	17
360.0	0.5	8.0	8.0	32	25	7	18
660.0	0.9	8.0	32.0	32	25	7	18
300.0	0.5	32.0	28.0	32	25	7	18
840.0	3.2	28.0	24.0	32	25	7	18
300.0	0.8	32.0	8.0	32	25	7	19
660.0	1.5	28.0	8.0	32	25	7	20
540.0	1.3	8.0	32.0	32	25	7	20
1380.0	12.1	32.0	56.0	32	25	7	20
1620.0	13.2	56.0	8.0	32	25	7	23
300.0	1.4	28.0	28.0	32	26	7	15
660.0	1.6	28.0	8.0	32	26	7	16
780.0	1.6	8.0	32.0	32	26	7	16
180.0	0.5	32.0	32.0	32	26	7	16
1200.0	2.7	8.0	28.0	32	26	7	17
1260.0	5.3	28.0	7.0	32	26	7	17
720.0	1.1	28.0	8.0	32	26	7	19
360.0	0.6	8.0	32.0	32	26	7	20
360.0	1.1	8.0	24.0	32	26	7	21
480.0	0.9	32.0	8.0	32	26	7	21
420.0	1.0	32.0	8.0	32	26	7	21
600.0	1.7	8.0	32.0	32	26	7	22
840.0	1.5	28.0	8.0	32	26	7	23
180.0	0.6	8.0	8.0	32	26	7	23
780.0	2.0	8.0	24.0	32	26	7	23
720.0	2.3	28.0	8.0	32	27	7	0
180.0	0.5	8.0	8.0	32	27	7	0
660.0	2.1	33.0	32.0	32	27	7	18
600.0	1.5	8.0	32.0	32	27	7	19
660.0	2.1	32.0	8.0	32	27	7	19
720.0	1.5	8.0	32.0	32	27	7	20
780.0	1.8	28.0	8.0	32	27	7	20
240.0	1.0	32.0	32.0	32	27	7	22
600.0	1.8	28.0	32.0	32	27	7	22
780.0	5.0	32.0	6.0	32	27	7	22
1200.0	2.3	6.0	7.0	32	27	7	23
960.0	2.1	8.0	8.0	32	27	7	23
360.0	1.1	8.0	8.0	32	28	7	0
300.0	0.5	8.0	8.0	32	28	7	0
360.0	0.8	8.0	8.0	32	28	7	0
480.0	1.5	8.0	32.0	32	28	7	1
720.0	2.4	28.0	8.0	32	28	7	17
480.0	1.5	32.0	8.0	32	28	7	18
720.0	1.9	28.0	8.0	32	28	7	19
240.0	0.6	8.0	8.0	32	28	7	20
300.0	1.1	28.0	28.0	32	28	7	20
900.0	2.5	28.0	8.0	32	28	7	20
660.0	1.8	8.0	28.0	32	28	7	21
480.0	1.5	28.0	8.0	32	28	7	21
780.0	4.6	32.0	7.0	32	28	7	22
780.0	2.5	33.0	8.0	32	29	7	17
900.0	0.5	8.0	28.0	32	29	7	17
840.0	2.0	28.0	8.0	32	29	7	18
240.0	0.7	8.0	32.0	32	29	7	20
180.0	0.5	32.0	32.0	32	29	7	21
900.0	5.3	28.0	7.0	32	29	7	21
1020.0	1.9	33.0	32.0	32	30	7	16
540.0	1.2	32.0	28.0	32	30	7	16
2940.0	17.7	28.0	76.0	32	30	7	17
2880.0	18.9	76.0	32.0	32	30	7	20
420.0	1.0	32.0	32.0	32	30	7	21
480.0	1.3	32.0	8.0	32	30	7	21
300.0	0.8	8.0	8.0	32	30	7	21
360.0	1.1	8.0	32.0	32	30	7	22
420.0	1.6	32.0	32.0	32	30	7	22
300.0	1.2	28.0	24.0	32	30	7	23
180.0	0.6	32.0	32.0	32	31	7	0
300.0	0.6	32.0	32.0	32	31	7	17
480.0	1.0	28.0	32.0	32	31	7	17
540.0	1.2	8.0	8.0	32	31	7	18
780.0	1.3	8.0	32.0	32	31	7	18
1140.0	0.9	32.0	28.0	32	31	7	18
480.0	1.2	28.0	8.0	32	31	7	19
420.0	1.1	8.0	8.0	32	31	7	19
660.0	1.6	8.0	32.0	32	31	7	20
300.0	1.0	8.0	8.0	32	31	7	21
600.0	1.7	32.0	33.0	32	31	7	21
300.0	1.0	8.0	8.0	32	31	7	22
300.0	0.6	28.0	28.0	32	31	7	22
240.0	0.7	28.0	8.0	32	31	7	23
480.0	1.2	32.0	8.0	32	31	7	23
1260.0	2.5	33.0	8.0	32	1	8	16
540.0	1.0	8.0	8.0	32	1	8	17
480.0	0.7	28.0	32.0	32	1	8	17
300.0	1.0	8.0	8.0	32	1	8	17
600.0	0.8	8.0	8.0	32	1	8	18
720.0	1.1	32.0	28.0	32	1	8	18
300.0	0.5	32.0	32.0	32	1	8	19
1140.0	5.5	32.0	6.0	32	1	8	19
420.0	1.3	8.0	32.0	32	1	8	21
660.0	2.5	33.0	8.0	32	1	8	22
540.0	1.7	32.0	28.0	32	2	8	19
600.0	1.3	8.0	8.0	32	2	8	20
600.0	1.5	8.0	32.0	32	2	8	20
600.0	1.4	32.0	8.0	32	2	8	21
420.0	1.5	8.0	8.0	32	2	8	22
1080.0	8.3	8.0	77.0	32	2	8	22
420.0	2.1	77.0	6.0	32	2	8	22
900.0	3.8	6.0	8.0	32	2	8	23
840.0	2.0	8.0	28.0	32	2	8	23
840.0	2.4	28.0	33.0	32	2	8	23
1200.0	1.9	32.0	8.0	32	3	8	0
780.0	2.0	8.0	32.0	32	3	8	1
360.0	1.4	32.0	8.0	32	3	8	1
1320.0	4.0	33.0	8.0	32	3	8	18
600.0	1.0	8.0	8.0	32	3	8	19
780.0	2.7	8.0	7.0	32	3	8	19
540.0	0.9	32.0	8.0	32	3	8	21
660.0	3.0	32.0	24.0	32	3	8	21
600.0	1.5	32.0	8.0	32	3	8	22
300.0	0.5	8.0	32.0	32	3	8	22
780.0	6.1	32.0	3.0	32	3	8	23
1620.0	2.2	8.0	33.0	32	3	8	23
1800.0	10.6	32.0	13.0	32	4	8	0
900.0	2.4	33.0	32.0	32	4	8	16
900.0	1.2	8.0	32.0	32	4	8	17
840.0	2.3	32.0	28.0	32	4	8	17
540.0	1.9	28.0	8.0	32	4	8	18
540.0	2.0	8.0	8.0	32	4	8	19
720.0	1.5	8.0	8.0	32	4	8	19
600.0	1.5	8.0	32.0	32	4	8	20
480.0	1.1	8.0	8.0	32	4	8	20
540.0	1.9	8.0	8.0	32	4	8	21
480.0	1.5	8.0	32.0	32	4	8	21
300.0	0.8	32.0	8.0	32	4	8	21
540.0	1.4	28.0	32.0	32	4	8	21
420.0	0.6	32.0	8.0	32	4	8	22
720.0	1.7	32.0	28.0	32	4	8	23
480.0	1.4	28.0	8.0	32	4	8	23
540.0	1.6	8.0	28.0	32	4	8	23
1200.0	3.5	28.0	8.0	32	4	8	23
360.0	1.2	8.0	8.0	32	5	8	0
300.0	1.2	32.0	8.0	32	5	8	0
900.0	6.4	32.0	22.0	32	5	8	0
660.0	4.3	24.0	23.0	32	5	8	1
1020.0	2.8	33.0	32.0	32	5	8	18
360.0	1.0	32.0	8.0	32	5	8	19
300.0	1.0	8.0	32.0	32	5	8	19
600.0	1.5	32.0	8.0	32	5	8	20
360.0	0.7	8.0	8.0	32	5	8	20
480.0	1.8	8.0	8.0	32	5	8	21
300.0	0.8	32.0	8.0	32	5	8	21
660.0	1.4	8.0	32.0	32	5	8	21
720.0	6.0	32.0	39.0	32	5	8	22
420.0	1.2	32.0	32.0	32	6	8	16
480.0	1.1	28.0	32.0	32	6	8	16
960.0	1.8	32.0	24.0	32	6	8	17
300.0	0.6	28.0	8.0	32	6	8	17
780.0	2.3	8.0	7.0	32	6	8	18
900.0	1.0	8.0	8.0	32	6	8	18
720.0	1.7	8.0	28.0	32	6	8	19
480.0	1.3	28.0	8.0	32	6	8	19
960.0	2.4	8.0	7.0	32	6	8	20
480.0	1.3	8.0	28.0	32	6	8	21
780.0	1.8	28.0	32.0	32	6	8	22
1260.0	2.8	33.0	32.0	32	7	8	15
300.0	0.7	32.0	8.0	32	7	8	16
600.0	1.6	28.0	8.0	32	7	8	17
1260.0	3.9	8.0	24.0	32	7	8	17
300.0	0.5	8.0	8.0	32	7	8	18
540.0	0.9	8.0	8.0	32	7	8	18
660.0	1.6	8.0	7.0	32	7	8	18
480.0	0.9	32.0	28.0	32	7	8	19
540.0	1.5	28.0	32.0	32	7	8	19
600.0	1.4	32.0	32.0	32	7	8	19
480.0	1.1	32.0	28.0	32	7	8	20
600.0	1.6	28.0	8.0	32	7	8	22
240.0	0.8	8.0	8.0	32	7	8	22
240.0	0.5	8.0	8.0	32	7	8	22
3720.0	18.5	32.0	76.0	32	8	8	17
2880.0	15.6	76.0	7.0	32	8	8	20
360.0	1.2	7.0	8.0	32	8	8	21
420.0	1.6	7.0	8.0	32	8	8	22
300.0	0.5	8.0	8.0	32	8	8	22
1260.0	6.3	8.0	6.0	32	8	8	23
660.0	2.2	6.0	7.0	32	8	8	23
1500.0	4.8	33.0	7.0	32	9	8	17
1140.0	1.7	8.0	28.0	32	9	8	18
480.0	1.1	28.0	8.0	32	9	8	18
540.0	1.5	32.0	32.0	32	9	8	18
240.0	0.5	28.0	28.0	32	9	8	18
420.0	1.0	28.0	8.0	32	9	8	19
600.0	0.9	8.0	8.0	32	9	8	20
540.0	1.4	8.0	8.0	32	9	8	20
240.0	0.5	8.0	8.0	32	9	8	20
240.0	0.8	8.0	8.0	32	9	8	20
600.0	4.4	8.0	6.0	32	9	8	21
420.0	1.2	8.0	8.0	32	9	8	22
240.0	1.2	8.0	28.0	32	9	8	22
300.0	0.9	8.0	8.0	32	9	8	23
960.0	2.5	33.0	8.0	32	10	8	16
300.0	1.0	32.0	32.0	32	10	8	16
720.0	1.7	32.0	8.0	32	10	8	16
1680.0	12.5	8.0	10.0	32	10	8	19
420.0	1.0	32.0	8.0	32	10	8	21
300.0	0.7	8.0	32.0	32	10	8	21
900.0	6.4	32.0	22.0	32	10	8	23
300.0	1.2	22.0	21.0	32	10	8	23
1380.0	12.1	56.0	32.0	32	11	8	21
720.0	2.6	32.0	33.0	32	11	8	22
240.0	0.8	32.0	8.0	32	11	8	22
480.0	0.6	33.0	33.0	32	12	8	18
480.0	1.0	28.0	32.0	32	12	8	19
600.0	1.3	28.0	8.0	32	12	8	19
480.0	1.6	8.0	32.0	32	12	8	20
420.0	1.0	28.0	8.0	32	12	8	20
480.0	1.5	32.0	8.0	32	12	8	20
240.0	0.5	8.0	8.0	32	12	8	21
480.0	1.5	8.0	28.0	32	12	8	22
480.0	2.2	28.0	8.0	32	12	8	22
420.0	1.1	32.0	8.0	32	13	8	19
540.0	1.0	8.0	8.0	32	13	8	19
1020.0	2.7	8.0	33.0	32	13	8	20
120.0	0.6	32.0	32.0	32	13	8	20
1080.0	5.3	28.0	7.0	32	13	8	21
300.0	0.7	8.0	8.0	32	13	8	21
480.0	1.7	8.0	32.0	32	13	8	21
300.0	0.8	8.0	8.0	32	13	8	22
180.0	0.8	8.0	8.0	32	13	8	22
540.0	2.0	33.0	28.0	32	14	8	15
540.0	1.8	28.0	8.0	32	14	8	15
480.0	1.3	28.0	32.0	32	14	8	16
900.0	3.1	32.0	24.0	32	14	8	16
300.0	0.9	8.0	28.0	32	14	8	17
420.0	1.1	32.0	8.0	32	14	8	17
1560.0	3.3	32.0	24.0	32	14	8	18
120.0	0.5	28.0	28.0	32	14	8	19
420.0	1.4	28.0	8.0	32	14	8	19
1020.0	7.2	32.0	3.0	32	14	8	20
600.0	3.0	8.0	7.0	32	14	8	21
540.0	2.0	8.0	32.0	32	14	8	21
540.0	1.7	32.0	28.0	32	14	8	21
420.0	1.2	32.0	8.0	32	14	8	22
660.0	2.5	32.0	8.0	32	14	8	23
600.0	2.3	32.0	33.0	32	14	8	23
660.0	2.1	33.0	8.0	32	15	8	16
600.0	0.9	32.0	8.0	32	15	8	17
360.0	0.7	32.0	28.0	32	15	8	17
660.0	1.2	32.0	32.0	32	15	8	18
780.0	2.1	28.0	33.0	32	15	8	18
420.0	0.8	32.0	8.0	32	15	8	19
180.0	0.5	8.0	8.0	32	15	8	19
660.0	1.1	8.0	32.0	32	15	8	19
300.0	0.7	32.0	8.0	32	15	8	19
600.0	2.1	32.0	33.0	32	15	8	20
540.0	1.3	32.0	32.0	32	15	8	20
480.0	1.0	32.0	28.0	32	16	8	16
420.0	1.3	33.0	32.0	32	16	8	16
300.0	1.0	28.0	8.0	32	16	8	17
660.0	1.6	32.0	32.0	32	16	8	17
480.0	1.0	32.0	28.0	32	16	8	18
600.0	1.8	8.0	32.0	32	16	8	19
480.0	1.1	32.0	8.0	32	16	8	20
540.0	1.8	8.0	28.0	32	16	8	20
360.0	1.0	32.0	8.0	32	16	8	20
480.0	1.2	28.0	32.0	32	16	8	21
840.0	2.3	8.0	28.0	32	16	8	22
780.0	1.6	28.0	8.0	32	16	8	23
360.0	1.4	28.0	24.0	32	16	8	23
420.0	1.0	8.0	28.0	32	17	8	0
480.0	1.2	28.0	8.0	32	17	8	19
480.0	1.0	28.0	8.0	32	17	8	20
720.0	4.0	8.0	6.0	32	17	8	21
420.0	1.3	33.0	32.0	32	18	8	15
240.0	0.6	33.0	33.0	32	18	8	15
360.0	1.3	32.0	8.0	32	18	8	16
660.0	1.7	28.0	8.0	32	18	8	17
480.0	1.2	8.0	32.0	32	18	8	17
1800.0	13.0	32.0	56.0	32	18	8	18
1680.0	13.0	56.0	8.0	32	18	8	19
780.0	3.4	28.0	24.0	32	18	8	20
660.0	0.5	8.0	8.0	32	19	8	15
600.0	1.2	8.0	32.0	32	19	8	16
480.0	0.9	8.0	8.0	32	19	8	17
2280.0	13.3	8.0	56.0	32	19	8	17
1440.0	12.6	56.0	32.0	32	19	8	20
1440.0	7.1	28.0	6.0	32	20	8	16
960.0	1.8	8.0	28.0	32	20	8	18
540.0	1.0	28.0	8.0	32	20	8	18
840.0	1.6	8.0	28.0	32	20	8	18
420.0	1.0	28.0	8.0	32	20	8	19
900.0	3.1	8.0	24.0	32	20	8	19
1140.0	6.2	28.0	6.0	32	20	8	21
